會員編號,姓名,電子郵件,地址,密碼,電話,縣市代碼
17670-51384-MA,Aloisia Allner,aallner0@lulu.com,新北市板橋區文化路一段24巷20號,fca857bf,0967013402,C002
73342-18763-UW,Piotr Bote,pbote1@yelp.com,台北市中山區民權西路171號,de29efb2,0924252928,C001
21125-22134-PX,Jami Redholes,jredholes2@tmall.com,彰化縣彰化市公園路一段287號,2b2d1ec4,0933167639,C012
71253-00052-RN,Dene Azema,dazema3@facebook.com,新北市新店區碧潭路55號,e08d3d5c,0906940354,C002
23806-46781-OU,Christoffer O' Shea,,彰化縣鹿港鎮鹿工南一路32巷25號,db271b3b,0987507079,C012
86561-91660-RB,Beryle Cottier,,新北市瑞芳區一坑路71號,4bc7ef5b,0910654649,C002
65223-29612-CB,Shaylynn Lobe,slobe6@nifty.com,高雄市前鎮區草衙二路172巷3號7樓,ed8a1152,0989847028,C006
21134-81676-FR,Melvin Wharfe,,新北市永和區水源街154號,f5896664,0907699031,C002
03396-68805-ZC,Guthrey Petracci,gpetracci8@livejournal.com,台中市大肚區遊園路二段94巷10號,58aee2de,0985242635,C001
61021-27840-ZN,Rodger Raven,rraven9@ed.gov,新北市樹林區大成路5號,f67d6a0b,0931168470,C002
76239-90137-UQ,Ferrell Ferber,fferbera@businesswire.com,彰化縣員林市員水路二段289號,6b22c509,0964854429,C012
49315-21985-BB,Duky Phizackerly,dphizackerlyb@utexas.edu,屏東縣內埔鄉壽比路29巷29號,e0dd8af2,0917814030,C016
34136-36674-OM,Rosaleen Scholar,rscholarc@nyu.edu,新北市新店區北宜路一段158號,67b86ed1,0941633098,C002
39396-12890-PE,Terence Vanyutin,tvanyutind@wix.com,新北市板橋區龍泉街138號,cbc8c7fc,0962445847,C002
95875-73336-RG,Patrice Trobe,ptrobee@wunderground.com,南投縣草屯鎮芬草路160巷10號,a70fceef,0950330287,C013
25473-43727-BY,Llywellyn Oscroft,loscroftf@ebay.co.uk,台北市中山區合江街231號,41bb6739,0919089392,C001
99643-51048-IQ,Minni Alabaster,malabasterg@hexun.com,台中市清水區高美路220號,d301ae33,0931339014,C001
62173-15287-CU,Rhianon Broxup,rbroxuph@jimdo.com,新北市新店區德正街116巷8號,fdab2fc0,0994743724,C002
57611-05522-ST,Pall Redford,predfordi@ow.ly,台北市北投區振華街89巷22號,26bb57e8,0987156973,C001
76664-37050-DT,Aurea Corradino,acorradinoj@harvard.edu,屏東縣萬巒鄉萬德路191號,52e468a6,0946715270,C016
84565-53984-SX,Kendal Scardefield,,新北市樹林區後站街183巷7號6樓,48b5f61f,0996296244,C002
03090-88267-BQ,Avrit Davidowsky,adavidowskyl@netvibes.com,桃園市八德區廣興路106巷22號,8982153f,0915104718,C003
37651-47492-NC,Annabel Antuk,aantukm@kickstarter.com,台北市南港區舊莊街一段175巷17號5樓,502fa0cf,0995948922,C001
95399-57205-HI,Iorgo Kleinert,ikleinertn@timesonline.co.uk,新北市淡水區淡金路5段240號,629609bf,0994806238,C002
24010-66714-HW,Chrisy Blofeld,cblofeldo@amazon.co.uk,台中市太平區樹孝路133巷29號3樓,ad1150a7,0961830247,C001
07591-92789-UA,Culley Farris,,高雄市鳳山區經武路104號,e31871e6,0938354975,C006
49231-44455-IC,Selene Shales,sshalesq@umich.edu,新北市五股區成泰路一段87巷14號,25cf425d,0971460204,C002
50124-88608-EO,Vivie Danneil,vdanneilr@mtv.com,桃園市龍潭區百年路192號,d364354b,0976676779,C003
00888-74814-UZ,Theresita Newbury,tnewburys@usda.gov,高雄市楠梓區海專路155巷19號,e4641c77,0932647295,C006
14158-30713-OB,Mozelle Calcutt,mcalcuttt@baidu.com,桃園市楊梅區獅二路46巷13號,6542fd73,0988843952,C003
51427-89175-QJ,Adrian Swaine,,苗栗縣竹南鎮永貞路二段97巷28號,b6186b95,0962165533,C011
52082-49024-ON,Ray Leivesley,rleivesleyv@canalblog.com,台北市大安區濟南路三段57巷16號,35cda8d0,0978698829,C001
04540-43685-DV,Nelly Basezzi,nbasezziw@webeden.co.uk,桃園市中壢區吉林路32巷5號7樓,bba82549,0948157559,C003
39123-12846-YJ,Gallard Gatheral,ggatheralx@123-reg.co.uk,台北市萬華區和平西路三段32號,951a16ee,0994713541,C001
44981-99666-XB,Una Welberry,uwelberryy@ebay.co.uk,台中市龍井區龍山街168巷1號6樓,a312994b,0967296992,C001
24825-51803-CQ,Faber Eilhart,feilhartz@who.int,桃園市桃園區大豐路23巷17號,071a340d,0905770276,C003
77634-13918-GJ,Zorina Ponting,zponting10@altervista.org,新北市土城區延吉街70號,c1358ee2,0903421161,C002
13694-25001-LX,Silvio Strase,sstrase11@booking.com,苗栗縣後龍鎮中心路149號,f6090d8b,0983904769,C011
08523-01791-TI,Dorie de la Tremoille,dde12@unesco.org,桃園市楊梅區獅一路133號,d8e62458,0975752623,C003
49860-68865-AB,Hy Zanetto,,桃園市蘆竹區開南路297號,6d8e688f,0900602883,C003
21240-83132-SP,Jessica McNess,,台北市士林區重慶北路四段190號,db75986c,0938518590,C001
08350-81623-TF,Lorenzo Yeoland,lyeoland15@pbs.org,台中市豐原區南陽路233號,144885c7,0916387311,C001
73284-01385-SJ,Abigail Tolworthy,atolworthy16@toplist.cz,台北市信義區虎林街165號,98f92c6e,0907416599,C001
04152-34436-IE,Maurie Bartol,,桃園市大園區中正東路三段63巷5號,627b4dba,0953650044,C003
06631-86965-XP,Olag Baudassi,obaudassi18@seesaa.net,宜蘭縣宜蘭市延平路192巷2號,1ddbca1f,0950637114,C017
54619-08558-ZU,Petey Kingsbury,pkingsbury19@comcast.net,桃園市楊梅區民族路五段112號,c53bcbb5,0965004017,C003
85589-17020-CX,Donna Baskeyfied,,高雄市鳳山區自強二路131號,5310ab69,0940347998,C006
36078-91009-WU,Arda Curley,acurley1b@hao123.com,台北市中正區汀州路二段267號,1129163e,0915642179,C001
15770-27099-GX,Raynor McGilvary,rmcgilvary1c@tamu.edu,桃園市中壢區領航南路二段137巷19號,b0def515,0986491984,C003
91460-04823-BX,Isis Pikett,ipikett1d@xinhuanet.com,台中市西區公正路56巷28號4樓,e7c76818,0956292073,C001
45089-52817-WN,Inger Bouldon,ibouldon1e@gizmodo.com,桃園市中壢區領航南路二段137巷19號,aea3e0fd,0969217376,C003
76447-50326-IC,Karry Flanders,kflanders1f@over-blog.com,台中市太平區新平路三段275號,e5707876,0972676290,C001
26333-67911-OL,Hartley Mattioli,hmattioli1g@webmd.com,台南市南區金華路二段240號,b8c10313,0999899960,C001
40768-49176-BL,Horatio Rubberts,hrubberts1h@google.com.hk,高雄市鼓山區哨船路209號,2c6fb312,0926141362,C006
22107-86640-SB,Archambault Gillard,agillard1i@issuu.com,台北市萬華區興義街136巷13號,d0505966,0952362303,C001
09960-34242-LZ,Salomo Cushworth,,台中市梧棲區自強一街92巷15號1樓,0a156263,0978057241,C001
04671-85591-RT,Theda Grizard,tgrizard1k@odnoklassniki.ru,台北市中正區信義路一段13號,e5f8ac9d,0991945971,C001
25729-68859-UA,Rozele Relton,rrelton1l@stanford.edu,屏東縣萬巒鄉萬德路191號,8991f75d,0911752997,C016
05501-86351-NX,Willa Rolling,,桃園市新屋區新榮路147號,31fb7685,0999871226,C003
04521-04300-OK,Stanislaus Gilroy,sgilroy1n@eepurl.com,台中市北屯區梅川東路四段54號,207a751c,0988916695,C001
58689-55264-VK,Correy Cottingham,ccottingham1o@wikipedia.org,高雄市橋頭區仕隆路97號,a3239dda,0963639388,C006
79436-73011-MM,Pammi Endacott,,新北市永和區水源街154號,f0118fb3,0921800255,C002
65552-60476-KY,Nona Linklater,,新北市永和區民有街141巷19號,4c72fe82,0940854232,C002
69904-02729-YS,Annadiane Dykes,adykes1r@eventbrite.com,新北市三峽區大勇路238號,b07208a8,0988843841,C002
01433-04270-AX,Felecia Dodgson,,台中市北屯區崇德六路113號,7fe09dd0,0933852843,C001
14204-14186-LA,Angelia Cockrem,acockrem1t@engadget.com,新北市板橋區樂群路272號,fcb914c8,0911939118,C002
32948-34398-HC,Belvia Umpleby,bumpleby1u@soundcloud.com,桃園市桃園區正康三街20號,cfb887d3,0961572086,C003
77343-52608-FF,Nat Saleway,nsaleway1v@dedecms.com,台東縣台東市開封街19號,42d0b4c1,0947161864,C001
42770-36274-QA,Hayward Goulter,hgoulter1w@abc.net.au,桃園市楊梅區青山六街164巷1號4樓,39b17449,0932114489,C003
14103-58987-ZU,Gay Rizzello,grizzello1x@symantec.com,台中市西屯區中工三路157號,d14bd731,0934951526,C001
69958-32065-SW,Shannon List,slist1y@mapquest.com,新北市三峽區大同路2巷24號5樓,374ef6ed,0917252315,C002
69533-84907-FA,Shirlene Edmondson,sedmondson1z@theguardian.com,台北市南港區忠孝東路六段249號,d22a4774,0990185769,C001
76005-95461-CI,Aurlie McCarl,,新北市泰山區新民路173號,092ae488,0978138605,C002
15395-90855-VB,Alikee Carryer,,台中市神岡區大洲路141巷21號,eda2e744,0972978215,C001
80640-45811-LB,Jennifer Rangall,jrangall22@newsvine.com,高雄市鼓山區鼓元街216號,05d9e5af,0906755602,C006
28476-04082-GR,Kipper Boorn,kboorn23@ezinearticles.com,雲林縣斗六市北平路12巷15號,6171a584,0947382189,C014
12018-75670-EU,Melania Beadle,,高雄市三民區大昌一路140號,66c4fa11,0939354859,C006
86437-17399-FK,Colene Elgey,celgey25@webs.com,桃園市楊梅區獅二路46巷13號,ec26846c,0947803222,C003
62979-53167-ML,Lothaire Mizzi,lmizzi26@rakuten.co.jp,高雄市岡山區下竹圍東街205號,55885e8a,0921945236,C006
54810-81899-HL,Cletis Giacomazzo,cgiacomazzo27@jigsy.com,桃園市桃園區大業路一段196號,fa3e24e3,0965219153,C003
26103-41504-IB,Ami Arnow,aarnow28@arizona.edu,台北市文山區和平東路四段8巷14號,236e0d79,0916378100,C001
76534-45229-SG,Sheppard Yann,syann29@senate.gov,高雄市前鎮區翠亨北路195號,9721e03b,0949267066,C006
81744-27332-RR,Bunny Naulls,bnaulls2a@tiny.cc,屏東縣恆春鎮省北路160號,16e8b619,0947965337,C016
91513-75657-PH,Hally Lorait,,苗栗縣頭份市忠孝二路159巷11號,a0579bc1,0977065226,C011
30373-66619-CB,Zaccaria Sherewood,zsherewood2c@apache.org,新竹市香山區中華路五段138號,d88320d1,0979953884,C008
31582-23562-FM,Jeffrey Dufaire,jdufaire2d@fc2.com,高雄市大社區金龍路8號,4659ca28,0981143220,C006
58638-01029-CB,Blancha McAmish,bmcamish2e@tripadvisor.com,台北市士林區中山北路六段37號,9e62d76c,0939939665,C001
81431-12577-VD,Beitris Keaveney,bkeaveney2f@netlog.com,新北市五股區中興路一段57號,a866b0cc,0904341175,C002
68894-91205-MP,Elna Grise,egrise2g@cargocollective.com,新北市新店區德正街116巷8號,a3c58e0f,0986072765,C002
87602-55754-VN,Torie Gottelier,tgottelier2h@vistaprint.com,新北市板橋區樂群路272號,900fc6fd,0970810972,C002
39181-35745-WH,Loydie Langlais,,新北市中和區興南路二段151巷16號,f0b33ba3,0915602571,C002
30381-64762-NG,Adham Greenhead,agreenhead2j@dailymail.co.uk,台中市南區美村南路24號,606dd3f0,0999440723,C001
17503-27693-ZH,Hamish MacSherry,,新北市新莊區豐年街193號,12f484bf,0928941149,C002
89442-35633-HJ,Else Langcaster,elangcaster2l@spotify.com,台北市信義區大道路63號,6a746f36,0953698265,C001
13654-85265-IL,Rudy Farquharson,,屏東縣萬巒鄉佳興路73巷19號,367a062c,0927429156,C016
40946-22090-FP,Norene Magauran,nmagauran2n@51.la,台北市信義區光復南路160號,b7a80df2,0992265537,C001
29050-93691-TS,Vicki Kirdsch,vkirdsch2o@google.fr,新北市板橋區金門街101巷15號,9f13268e,0910424865,C002
64395-74865-WF,Ilysa Whapple,iwhapple2p@com.com,高雄市鳳山區鳳北路117號,c6e18492,0967988726,C006
81861-66046-SU,Ruy Cancellieri,,台中市北區榮華街182巷12號4樓,d6b5eac3,0914724700,C001
13366-78506-KP,Aube Follett,,嘉義縣民雄鄉建國路二段14巷2號,0a7f54ca,0995834041,C015
08847-29858-HN,Rudiger Di Bartolomeo,,台中市潭子區北環路152號,256ba148,0937433102,C001
00539-42510-RY,Nickey Youles,nyoules2t@reference.com,高雄市鳥松區本館路32巷13號6樓,eacbc44f,0947701169,C006
45190-08727-NV,Dyanna Aizikovitz,daizikovitz2u@answers.com,南投縣竹山鎮祖師街68號,a83891bb,0955842857,C013
87049-37901-FU,Bram Revel,brevel2v@fastcompany.com,桃園市中壢區領航南路二段137巷19號,2940ca0e,0950641486,C003
34015-31593-JC,Emiline Priddis,epriddis2w@nationalgeographic.com,台中市大里區益民路一段273號,f68fce56,0914413109,C001
90305-50099-SV,Queenie Veel,qveel2x@jugem.jp,台北市信義區光復南路66號,e5201dee,0912536005,C001
55871-61935-MF,Lind Conyers,lconyers2y@twitter.com,新北市板橋區民族路149巷28號,5a400667,0945124172,C002
15405-60469-TM,Pen Wye,pwye2z@dagondesign.com,台中市豐原區豐原大道四段251號,f738f702,0945771985,C001
06953-94794-FB,Isahella Hagland,,新北市新店區碧潭路55號,5400957a,0902835319,C002
22305-40299-CY,Terry Sheryn,tsheryn31@mtv.com,高雄市鳳山區文龍東路58號,8f64abb2,0907139933,C006
09020-56774-GU,Marie-jeanne Redgrave,mredgrave32@cargocollective.com,基隆市中山區文化路169巷19號,a6792b90,0901948587,C007
92926-08470-YS,Betty Fominov,bfominov33@yale.edu,宜蘭縣南澳鄉蘇花路三段90巷3號,197a37b3,0959739671,C017
07250-63194-JO,Shawnee Critchlow,scritchlow34@un.org,台北市內湖區內湖路三段103號,14cc6699,0994637745,C001
63787-96257-TQ,Merrel Steptow,msteptow35@earthlink.net,新北市淡水區中山北路二段92巷19號,6462b07c,0989816564,C002
49530-25460-RW,Carmina Hubbuck,,新北市中和區圓通路66號,dd91e7d8,0925380257,C002
66508-21373-OQ,Ingeberg Mulliner,imulliner37@pinterest.com,新北市三重區文化南路113號,a1aa8ac9,0910037279,C002
20203-03950-FY,Geneva Standley,gstandley38@dion.ne.jp,高雄市新興區五福二路49巷6號1樓,7a35a7e8,0933249007,C006
83895-90735-XH,Brook Drage,bdrage39@youku.com,基隆市信義區義七路216號,caf39a4d,0976354087,C007
61954-61462-RJ,Muffin Yallop,myallop3a@fema.gov,新竹市香山區中華路六段83巷18號,6d774969,0903634402,C008
47939-53158-LS,Cordi Switsur,cswitsur3b@chronoengine.com,嘉義縣民雄鄉建國路二段93號,e0fb39d5,0995058653,C015
38903-46478-ZE,Ezri Hows,ehows3c@devhub.com,嘉義縣朴子市南通路三段275號,f713afa5,0933281491,C015
76841-77583-BJ,Sylas Becaris,sbecaris3d@google.ru,新北市中和區圓通路103巷1號4樓,a38120fb,0980377625,C002
61513-27752-FA,Mahala Ludwell,mludwell3e@blogger.com,台中市西屯區福安路152號,903464e4,0960018499,C001
89714-19856-WX,Doll Beauchamp,dbeauchamp3f@usda.gov,南投縣南投市學藝路38巷24號1樓,20bfbfcc,0978643813,C013
87979-56781-YV,Stanford Rodliff,srodliff3g@ted.com,高雄市鼓山區美明路171巷12號3樓,45f824e7,0961932584,C006
74126-88836-KA,Stevana Woodham,swoodham3h@businesswire.com,台北市大安區新生南路一段68號,2a741ca1,0943524286,C001
37397-05992-VO,Hewet Synnot,hsynnot3i@about.com,台中市西區向上南路109巷19號7樓,3ae72f31,0955541185,C001
54904-18397-UD,Raleigh Lepere,rlepere3j@shop-pro.jp,新北市瑞芳區明燈路三段95號,1521fcb3,0901594069,C002
19017-95853-EK,Timofei Woofinden,twoofinden3k@businesswire.com,新北市新店區新店路196巷21號,139812a0,0990722543,C002
88593-59934-VU,Evelina Dacca,edacca3l@google.pl,高雄市仁武區八德西路270號,5bc65d92,0913191067,C006
47493-68564-YM,Bidget Tremellier,,台南市中西區武聖路180號,b8c19db7,0908587178,C001
82246-82543-DW,Bobinette Hindsberg,bhindsberg3n@blogs.com,台中市后里區甲后路160號,09b98b08,0984412973,C001
03384-62101-IY,Osbert Robins,orobins3o@salon.com,台中市大肚區大明三街123號,3c19cf9d,0972888369,C001
86881-41559-OR,Othello Syseland,osyseland3p@independent.co.uk,高雄市楠梓區開發路157巷6號,ff10733c,0922318466,C006
02536-18494-AQ,Ewell Hanby,,苗栗縣後龍鎮中心路149號,ef48d6bd,0910234685,C011
29732-74147-HX,Chalmers Havenhand,chavenhand3r@1688.com,台中市大甲區新政路226號,07f3e2c1,0979335240,C001
90312-11148-LA,Lowell Keenleyside,lkeenleyside3s@topsy.com,台北市內湖區港華街44巷22號,31a72ee8,0904534712,C001
68239-74809-TF,Elonore Joliffe,,新北市淡水區淡金路5段240號,5d11a939,0923503960,C002
91074-60023-IP,Abraham Coleman,,新北市樹林區育英街154號,802ca27e,0993387500,C002
07972-83748-JI,Rivy Farington,,台中市南屯區惠文路99巷18號,b4ff804d,0936702685,C001
08694-57330-XR,Vallie Kundt,vkundt3w@bigcartel.com,新北市土城區明德路一段207號,8fe0dd80,0999104057,C002
68412-11126-YJ,Boyd Bett,bbett3x@google.de,台南市安南區安中路四段86巷4號,94931e3b,0974017612,C001
69037-66822-DW,Julio Armytage,,台北市大安區忠孝東路四段59巷9號,ceda4d2c,0920342123,C001
01297-94364-XH,Deana Staite,dstaite3z@scientificamerican.com,台北市松山區民權東路五段162巷24號,45aee659,0925985236,C001
39919-06540-ZI,Winn Keyse,wkeyse40@apple.com,雲林縣斗六市保長路187巷4號,9e5b3f5f,0996865362,C014
60512-78550-WS,Osmund Clausen-Thue,oclausenthue41@marriott.com,桃園市蘆竹區忠孝西路48號,0d15bed7,0917207129,C003
40172-12000-AU,Leonore Francisco,lfrancisco42@fema.gov,宜蘭縣員山鄉溫泉路194巷3號,a476e4f1,0903152387,C017
42394-07234-AM,Adey Lowseley,alowseley43@timesonline.co.uk,苗栗縣苗栗市為公路23號,59b23c64,0985574305,C011
39019-13649-CL,Giacobo Skingle,gskingle44@clickbank.net,台北市北投區西安街一段209號,6ed3302e,0973327233,C001
12715-05198-QU,Gerard Pirdy,,彰化縣芳苑鄉上林路路上段15巷18號1樓,ef911119,0926598241,C012
04513-76520-QO,Jacinthe Balsillie,jbalsillie46@princeton.edu,台北市士林區通河街150號,f04c9a43,0980265130,C001
88446-59251-SQ,Quinton Fouracres,,新北市新莊區中和街27巷6號2樓,355c1742,0900882659,C002
23779-10274-KN,Bettina Leffek,bleffek48@ning.com,台中市南屯區大墩十一街46巷5號,97d1e357,0903047369,C001
57235-92842-DK,Hetti Penson,,台北市文山區和平東路四段50巷15號3樓,4ce48f55,0975015525,C001
75977-30364-AY,Jocko Pray,jpray4a@youtube.com,高雄市仁武區八德西路270號,d8e00389,0941058909,C006
12299-30914-NG,Grete Holborn,gholborn4b@ow.ly,桃園市龜山區文化七路43號,d97e851e,0963121930,C003
59971-35626-YJ,Fielding Keinrat,fkeinrat4c@dailymail.co.uk,嘉義市東區大雅路二段99號,7009af98,0992611298,C009
15380-76513-PS,Paulo Yea,pyea4d@aol.com,高雄市岡山區筧橋路131號,1460cdad,0960621480,C006
73564-98204-EY,Say Risborough,,台中市后里區文明路117巷5號,a67a9258,0905570217,C001
72282-40594-RX,Alexa Sizey,,高雄市鼓山區西藏街136巷12號5樓,a793c64f,0982351815,C006
17514-94165-RJ,Kari Swede,kswede4g@addthis.com,台北市大安區仁愛路四段29巷7號,aed69940,0952125990,C001
56248-75861-JX,Leontine Rubrow,lrubrow4h@microsoft.com,高雄市鼓山區華泰路192號,5da54b15,0923072072,C006
97855-54761-IS,Dottie Tift,dtift4i@netvibes.com,新竹市香山區中華路五段56巷5號,63eb257a,0967175253,C008
96544-91644-IT,Gerardo Schonfeld,gschonfeld4j@oracle.com,台中市大安區中山南路97號,91c95426,0926807434,C001
51971-70393-QM,Claiborne Feye,cfeye4k@google.co.jp,台中市后里區安眉路172號,fa509b27,0953034421,C001
06812-11924-IK,Mina Elstone,,基隆市安樂區武隆街110號,55739bcf,0929468313,C007
59741-90220-OW,Sherman Mewrcik,,新北市三峽區三樹路209號,83b01379,0950870512,C002
62682-27930-PD,Tamarah Fero,tfero4n@comsenz.com,新竹市東區龍山東路252號,e407ccce,0916990643,C008
00256-19905-YG,Stanislaus Valsler,,台北市大同區南京西路143巷13號,d3348f93,0927703999,C001
38890-22576-UI,Felita Dauney,fdauney4p@sphinn.com,台北市文山區興隆路四段86巷20號,52bed9e7,0962904104,C001
94573-61802-PH,Serena Earley,searley4q@youku.com,新北市新店區德正街116巷8號,39a57df4,0988266162,C002
86447-02699-UT,Minny Chamberlayne,mchamberlayne4r@bigcartel.com,雲林縣虎尾鎮立德路127巷28號,cf5e8fbb,0968487037,C014
51432-27169-KN,Bartholemy Flaherty,bflaherty4s@moonfruit.com,新北市深坑區埔新街70號,d2fa65ea,0997341690,C002
43074-00987-PB,Oran Colbeck,ocolbeck4t@sina.com.cn,南投縣草屯鎮敦和路180號,158373d1,0902583661,C013
04739-85772-QT,Elysee Sketch,,台中市大里區新仁路１段222號,e975dbac,0920253851,C001
28279-78469-YW,Ethelda Hobbing,ehobbing4v@nsw.gov.au,高雄市三民區澄清路53巷1號,2d6e9019,0917466275,C006
91829-99544-DS,Odille Thynne,othynne4w@auda.org.au,基隆市仁愛區仁三路7巷16號,2f6c57e0,0954178010,C007
38978-59582-JP,Emlynne Heining,eheining4x@flickr.com,屏東縣恆春鎮省北路160號,8a2a2680,0940721477,C016
86504-96610-BH,Katerina Melloi,kmelloi4y@imdb.com,基隆市中山區文化路169巷19號,197be08b,0972955242,C007
75986-98864-EZ,Tiffany Scardafield,,新北市三峽區介壽路三段3巷11號,66ffa6ad,0911172977,C002
66776-88682-RG,Abrahan Mussen,amussen50@51.la,新竹市東區竹蓮街100巷11號,d928e379,0932521159,C008
33284-98063-SE,Essie Nellies,enellies51@goodreads.com,宜蘭縣蘇澳鎮蘇港路112巷13號,3346d636,0996890062,C017
85851-78384-DM,Anny Mundford,amundford52@nbcnews.com,新北市板橋區重慶路182巷12號,b082b306,0933925775,C002
55232-81621-BX,Tory Walas,twalas53@google.ca,台中市大安區中山南路97號,d9427042,0918083221,C001
80310-92912-JA,Isa Blazewicz,iblazewicz54@thetimes.co.uk,台北市大安區辛亥路二段71號,1106a71e,0999795637,C001
19821-05175-WZ,Angie Rizzetti,arizzetti55@naver.com,台北市萬華區富民路65巷2號,37ac54b6,0914573949,C001
01338-83217-GV,Mord Meriet,mmeriet56@noaa.gov,新北市三重區重陽路四段287號,49145399,0900359624,C002
66044-25298-TA,Lawrence Pratt,lpratt57@netvibes.com,新北市樹林區八德街177號,1b811fc1,0937614249,C002
28728-47861-TZ,Astrix Kitchingham,akitchingham58@com.com,桃園市蘆竹區南崁路二段27巷3號,a00fd150,0976850931,C003
32638-38620-AX,Burnard Bartholin,bbartholin59@xinhuanet.com,新竹縣竹北市莊敬六街70號,f0766ae1,0933721791,C010
83163-65741-IH,Madelene Prinn,mprinn5a@usa.gov,台中市后里區甲后路160號,97ee6d8b,0901916814,C001
89422-58281-FD,Alisun Baudino,abaudino5b@netvibes.com,新北市淡水區鄧公路3巷11號,1719f521,0954416965,C002
76293-30918-DQ,Philipa Petrushanko,ppetrushanko5c@blinklist.com,新北市三重區重陽路一段90巷15號,699c8321,0956718521,C002
86779-84838-EJ,Kimberli Mustchin,,高雄市鳳山區瑞興路99號,68baf8a9,0969751060,C006
66806-41795-MX,Emlynne Laird,elaird5e@bing.com,台中市太平區宜欣路185號,67cb1bec,0958268588,C001
64875-71224-UI,Marlena Howsden,mhowsden5f@infoseek.co.jp,台北市文山區景文街72巷1號,2fe8c0be,0912848621,C001
16982-35708-BZ,Nealson Cuttler,ncuttler5g@parallels.com,台南市東區榮譽街181號,35be172e,0906881157,C001
62425-26461-RK,Crin Vernham,cvernham5h@e-recht24.de,台北市大同區延平北路三段163巷7號,244afb61,0948810479,C001
71468-76923-BU,Jenn Munnings,jmunnings5i@springer.com,新北市林口區文化二路二段86巷11號1樓,91142204,0986424926,C002
23014-48364-QB,Olympie Dautry,odautry5j@etsy.com,台中市西屯區寶慶街36號,7cac0ff5,0907352207,C001
92588-14671-JM,Ingaborg Dunwoody,idunwoody5k@sourceforge.net,花蓮縣新城鄉嘉新路56巷14號,57a7c292,0995746416,C018
66708-26678-QK,Adriana Lazarus,,新北市三重區捷運路93號,5b3e7d0f,0935943750,C002
08743-09057-OO,Tallie felip,tfelip5m@typepad.com,桃園市中壢區龍岡路一段32巷10號,723e9cba,0970168335,C003
37490-01572-JW,Vanna Le - Count,vle5n@disqus.com,基隆市中山區中山一路124號,c64a9321,0972434002,C007
01811-60350-CU,Sarette Ducarel,,桃園市新屋區新榮路147號,64953077,0959662789,C003
24766-58139-GT,Kendra Glison,,台中市后里區安眉路172號,1a741179,0988419947,C001
90123-70970-NY,Nertie Poolman,npoolman5q@howstuffworks.com,台北市文山區和平東路四段50巷15號3樓,b774ceab,0959198040,C001
93809-05424-MG,Orbadiah Duny,oduny5r@constantcontact.com,新竹市香山區中華路六段83巷18號,a892d4b5,0926742412,C008
85425-33494-HQ,Constance Halfhide,chalfhide5s@google.ru,宜蘭縣頭城鎮民鋒路13巷22號,713844ef,0954806306,C017
54387-64897-XC,Fransisco Malecky,fmalecky5t@list-manage.com,台北市南港區昆陽街5巷8號,1d5cd1d6,0989117749,C001
01035-70465-UO,Anselma Attwater,aattwater5u@wikia.com,新北市淡水區義山路一段44巷8號7樓,6d1d438c,0988362500,C002
84260-39432-ML,Minette Whellans,mwhellans5v@mapquest.com,基隆市安樂區麥金路154號,d51c57e2,0949917567,C007
69779-40609-RS,Dael Camilletti,dcamilletti5w@businesswire.com,彰化縣和美鎮線東路三段73巷21號,ffb6da4b,0984722242,C012
80247-70000-HT,Emiline Galgey,egalgey5x@wufoo.com,台北市南港區園區街175號,bd11dd02,0950380458,C001
35058-04550-VC,Murdock Hame,mhame5y@newsvine.com,台中市大甲區新政路226號,55bd3a66,0962476278,C001
27226-53717-SY,Ilka Gurnee,igurnee5z@usnews.com,新北市三重區仁安街160巷6號,d3400db3,0915634424,C002
02002-98725-CH,Alfy Snowding,asnowding60@comsenz.com,屏東縣枋寮鄉臨海路二段78巷8號,cf674f80,0996359784,C016
38487-01549-MV,Godfry Poinsett,gpoinsett61@berkeley.edu,高雄市左營區曾子路68號,fccf0999,0971180556,C006
98573-41811-EQ,Rem Furman,rfurman62@t.co,台中市西屯區甘肅路一段220號,e8db1a94,0959748356,C001
72463-75685-MV,Charis Crosier,ccrosier63@xrea.com,苗栗縣竹南鎮永貞路二段154號,3e5b4b80,0919382029,C011
14797-35530-HY,Monte Percifull,mpercifull64@netlog.com,台北市信義區虎林街165號,150fc416,0985203659,C001
10225-91535-AI,Lenka Rushmer,lrushmer65@europa.eu,台北市中正區常德街16號,55510884,0993079102,C001
48090-06534-HI,Waneta Edinborough,wedinborough66@github.io,基隆市安樂區武隆街110號,713a88cd,0979746260,C007
80444-58185-FX,Bobbe Piggott,,台中市南區東興路一段217號,9c8bf098,0984195959,C001
13561-92774-WP,Ketty Bromehead,kbromehead68@un.org,台北市文山區木柵路二段89號,564b993b,0930323268,C001
11550-78378-GE,Elsbeth Westerman,ewesterman69@si.edu,台南市歸仁區和順路一段240號,767ac239,0981007531,C001
90961-35603-RP,Anabelle Hutchens,ahutchens6a@amazonaws.com,台中市西屯區甘肅路一段220號,17a49504,0972776337,C001
57145-03803-ZL,Noak Wyvill,nwyvill6b@naver.com,桃園市龜山區文化七路43號,c4087e42,0902821695,C003
89115-11966-VF,Beltran Mathon,bmathon6c@barnesandnoble.com,基隆市七堵區明德一路137巷24號4樓,448059fc,0905336947,C007
05754-41702-FG,Kristos Streight,kstreight6d@about.com,台中市潭子區北環路152號,10e60c22,0940089668,C001
84269-49816-ML,Portie Cutchie,pcutchie6e@globo.com,高雄市鼓山區鼓元街216號,9881ed76,0951342382,C006
23600-98432-ME,Sinclare Edsell,,台北市中正區衡陽路29巷2號,8da1e204,0967849628,C001
79058-02767-CP,Conny Gheraldi,cgheraldi6g@opera.com,桃園市中壢區領航南路二段137巷19號,a41c0e93,0941776465,C003
89208-74646-UK,Beryle Kenwell,bkenwell6h@over-blog.com,新北市新店區北宜路一段158號,b7252e7a,0949555022,C002
11408-81032-UR,Tomas Sutty,tsutty6i@google.es,高雄市三民區澄和路68巷5號5樓,952d9e50,0910110006,C006
32070-55528-UG,Samuele Ales0,,新北市樹林區中山路三段8號,0915945f,0917124019,C002
48873-84433-PN,Carlie Harce,charce6k@cafepress.com,台中市南屯區南屯路二段239號,68270636,0962861565,C001
32928-18158-OW,Craggy Bril,,高雄市大寮區新厝路197巷22號6樓,196b06e5,0974592867,C006
89711-56688-GG,Friederike Drysdale,fdrysdale6m@symantec.com,南投縣名間鄉名松路二段101號,0c7154f3,0910781575,C013
48389-71976-JB,Devon Magowan,dmagowan6n@fc2.com,台北市文山區和平東路四段50巷15號3樓,23087c9a,0932170905,C001
84033-80762-EQ,Codi Littrell,,台北市中正區汀州路二段267號,bb57d269,0969823418,C001
12743-00952-KO,Christel Speak,,宜蘭縣宜蘭市公園路70巷1號,cae43935,0975508530,C017
41505-42181-EF,Sibella Rushbrooke,srushbrooke6q@youku.com,新北市八里區商港路132巷20號,88a1824b,0948615248,C002
14307-87663-KB,Tammie Drynan,tdrynan6r@deviantart.com,新北市蘆洲區永樂街243號,af8a8240,0984292667,C002
08360-19442-GB,Effie Yurkov,eyurkov6s@hud.gov,基隆市安樂區武聖街130號,0ba00430,0918728970,C007
93405-51204-UW,Lexie Mallan,lmallan6t@state.gov,桃園市中壢區領航南路二段137巷19號,5ca3a423,0921560598,C003
97152-03355-IW,Georgena Bentjens,gbentjens6u@netlog.com,高雄市新興區自立二路104巷20號,d8c84b2e,0941095244,C006
79216-73157-TE,Delmar Beasant,,台中市西屯區西屯路二段28號,5da018f9,0943843449,C001
20259-47723-AC,Lyn Entwistle,lentwistle6w@omniture.com,宜蘭縣宜蘭市民族路183巷22號5樓,81cd86fb,0999690150,C017
04947-41413-JP,Stuart Lafee,,高雄市三民區大中一路31巷9號,674532b1,0911433107,C006
08909-77713-CG,Mercedes Acott,macott6y@pagesperso-orange.fr,桃園市大園區航站南路162巷11號,f2ecfb33,0944555729,C003
84340-73931-VV,Connor Heaviside,cheaviside6z@rediff.com,新竹縣竹北市勝利八街一段174號,713b0e27,0944319479,C010
04609-95151-XH,Devy Bulbrook,,桃園市中壢區環中東路103巷23號,65815896,0917639523,C003
99562-88650-YF,Leia Kernan,lkernan71@wsj.com,高雄市鳳山區文龍東路58號,47a68c0c,0974778887,C006
46560-73885-PJ,Rosaline McLae,rmclae72@dailymotion.com,台北市中正區常德街162號,1a83aa01,0974255103,C001
80179-44620-WN,Cleve Blowfelde,cblowfelde73@ustream.tv,苗栗縣三義鄉水美路91巷18號,773e0108,0947698755,C011
04666-71569-RI,Zacharias Kiffe,zkiffe74@cyberchimps.com,高雄市楠梓區高楠公路50巷9號,0d3eb767,0995314346,C006
59081-87231-VP,Denyse O'Calleran,docalleran75@ucla.edu,桃園市大園區中山北路21號,6569f185,0960452270,C003
07878-45872-CC,Cobby Cromwell,ccromwell76@desdev.cn,宜蘭縣宜蘭市公園路70巷1號,4ee2642d,0949654730,C017
12444-05174-OO,Irv Hay,ihay77@lulu.com,台中市北屯區梅川東路四段54號,9861912b,0922408210,C001
34665-62561-AU,Tani Taffarello,ttaffarello78@sciencedaily.com,新北市土城區金城路2段79巷10號2樓,042ba2f5,0956215898,C002
77877-11993-QH,Monique Canty,mcanty79@jigsy.com,台北市文山區興隆路四段86巷20號,13144572,0970204642,C001
32291-18308-YZ,Javier Kopke,jkopke7a@auda.org.au,台北市北投區振華街89巷22號,f7163d82,0939855946,C001
25754-33191-ZI,Mar McIver,,新北市林口區仁愛路二段32巷28號,0803d14c,0980933579,C002
53120-45532-KL,Arabella Fransewich,,桃園市楊梅區裕成路138巷22號,854b0c1f,0998806301,C003
36605-83052-WB,Violette Hellmore,vhellmore7d@bbc.co.uk,苗栗縣苗栗市愛國路201號,05cdb96d,0971013852,C011
53683-35977-KI,Myles Seawright,mseawright7e@nbcnews.com,台北市文山區興隆路一段127巷20號,d5b83f90,0950869249,C001
07972-83134-NM,Silvana Northeast,snortheast7f@mashable.com,台北市大安區敦化南路二段259號,76d76b61,0902071592,C001
23229-79220-TE,Annecorinne Leehane,,台南市安南區安中路四段86巷4號,e86a9715,0999310511,C001
25514-23938-IQ,Monica Fearon,mfearon7h@reverbnation.com,新竹縣竹東鎮東寧路三段72巷23號7樓,c647313a,0901466331,C010
49084-44492-OJ,Barney Chisnell,,彰化縣彰化市彰馬路178號,0322fbbf,0909483677,C012
76624-72205-CK,Jasper Sisneros,jsisneros7j@a8.net,新北市瑞芳區明燈路三段165號,9eb8ff80,0981627539,C002
12729-50170-JE,Zachariah Carlson,zcarlson7k@bigcartel.com,台中市東區力行路63號,02e4cbdc,0904277271,C001
43974-44760-QI,Warner Maddox,wmaddox7l@timesonline.co.uk,桃園市桃園區建新街75號,4474506f,0940112817,C003
30585-48726-BK,Donnie Hedlestone,dhedlestone7m@craigslist.org,台北市大安區建國南路一段168巷17號,44ac9453,0918628851,C001
16123-07017-TY,Teddi Crowthe,tcrowthe7n@europa.eu,花蓮縣新城鄉嘉新路56巷14號,88f0fa71,0995210764,C018
27723-45097-MH,Dorelia Bury,dbury7o@tinyurl.com,高雄市橋頭區仕豐路74號,11675c27,0965164197,C006
37078-56703-AF,Gussy Broadbear,gbroadbear7p@omniture.com,苗栗縣竹南鎮科專三路298號,c42fed0c,0904799536,C011
79420-11075-MY,Emlynne Palfrey,epalfrey7q@devhub.com,台北市北投區西安街二段187號,605fa81f,0914560883,C001
57504-13456-UO,Parsifal Metrick,pmetrick7r@rakuten.co.jp,桃園市龍潭區百年路192號,182c6e71,0908990610,C003
53751-57560-CN,Christopher Grieveson,,新北市三峽區大德路255號,a5e807a8,0906758154,C002
96112-42558-EA,Karlan Karby,kkarby7t@sbwire.com,新北市瑞芳區明燈路三段165號,2a65d0b7,0986899719,C002
03157-23165-UB,Flory Crumpe,fcrumpe7u@ftc.gov,基隆市仁愛區仁三路7巷16號,6c921673,0976906427,C007
51466-52850-AG,Amity Chatto,achatto7v@sakura.ne.jp,新北市板橋區合安一路186巷5號,aae1b447,0942751309,C002
57145-31023-FK,Nanine McCarthy,,彰化縣永靖鄉永福路1段130號,2ac9cdf6,0967059837,C012
66408-53777-VE,Lyndsey Megany,,高雄市大社區金龍路8號,2f10f31f,0963809661,C006
53035-99701-WG,Byram Mergue,bmergue7y@umn.edu,新北市三重區仁安街160巷6號,305e386e,0935907658,C002
45899-92796-EI,Kerr Patise,kpatise7z@jigsy.com,新北市瑞芳區明燈路三段165號,7da9877b,0917369885,C002
17649-28133-PY,Mathew Goulter,,新北市中和區興南路二段151巷16號,da71a676,0920666695,C002
49612-33852-CN,Marris Grcic,,彰化縣芳苑鄉斗苑路三合段240號,2bd95262,0952468063,C012
66976-43829-YG,Domeniga Duke,dduke82@vkontakte.ru,台南市善化區環東路二段161巷3號,f18fdb50,0946332015,C001
64852-04619-XZ,Violante Skouling,,新北市新莊區豐年街193號,a2310416,0975643838,C002
58690-31815-VY,Isidore Hussey,ihussey84@mapy.cz,新北市瑞芳區三爪子坑路70巷25號7樓,5b69a21c,0919166242,C002
62863-81239-DT,Cassie Pinkerton,cpinkerton85@upenn.edu,南投縣南投市光華十路7巷20號,5801a758,0964164167,C013
21177-40725-CF,Micki Fero,,新北市新店區寶橋路238號,bc138400,0939286314,C002
99421-80253-UI,Cybill Graddell,,宜蘭縣宜蘭市公園路70巷1號,4932dcc7,0951369023,C017
45315-50206-DK,Dorian Vizor,dvizor88@furl.net,新北市八里區商港路132巷20號,06bc1d3f,0902363900,C002
09595-95726-OV,Eddi Sedgebeer,esedgebeer89@oaic.gov.au,新北市汐止區福德一路205號,18341675,0928547361,C002
60221-67036-TD,Ken Lestrange,klestrange8a@lulu.com,新北市中和區中板路114號,c194266e,0934261150,C002
62923-29397-KX,Lacee Tanti,ltanti8b@techcrunch.com,新北市淡水區新市五路三段168號,1dbc447d,0918291148,C002
33011-52383-BA,Arel De Lasci,ade8c@1und1.de,新北市中和區圓通路103巷1號4樓,175d920a,0900109811,C002
86768-91598-FA,Trescha Jedrachowicz,tjedrachowicz8d@acquirethisname.com,台北市文山區興隆路四段86巷20號,057ec5de,0996549780,C001
37191-12203-MX,Perkin Stonner,pstonner8e@moonfruit.com,嘉義縣民雄鄉建國路二段14巷2號,f8b8628e,0981342884,C015
16545-76328-JY,Darrin Tingly,dtingly8f@goo.ne.jp,台北市文山區興隆路一段127巷20號,7ad8f5b7,0969859143,C001
32177-42200-TP,Rhodie Whife,rwhife8g@360.cn,桃園市中壢區環中東路103巷23號,4a4b3f9c,0989196619,C003
22349-47389-GY,Benn Checci,bchecci8h@usa.gov,台南市歸仁區中正北路二段252號,59c3e01f,0936795098,C001
70290-38099-GB,Janifer Bagot,jbagot8i@mac.com,新北市林口區66號,5e2f4d08,0976309546,C002
18741-72071-PP,Ermin Beeble,ebeeble8j@soundcloud.com,新北市泰山區新北大道五段89巷25號,1dc21254,0918557773,C002
62588-82624-II,Cos Fluin,cfluin8k@flickr.com,桃園市楊梅區獅一路27巷15號,653475cb,0932597747,C003
37430-29579-HD,Eveleen Bletsor,ebletsor8l@vinaora.com,桃園市中壢區復華九街76號,4b8d1089,0937551704,C003
84132-22322-QT,Paola Brydell,pbrydell8m@bloglovin.com,新北市淡水區新市二路二段87巷29號,71e71591,0973695831,C002
74330-29286-RO,Claudetta Rushe,crushe8n@about.me,桃園市平鎮區德育路二段228號,1e26a122,0939682719,C003
37445-17791-NQ,Natka Leethem,nleethem8o@mac.com,新北市三重區仁興街105巷22號3樓,e99fe6f5,0920980664,C002
58511-10548-ZU,Ailene Nesfield,anesfield8p@people.com.cn,台北市大安區辛亥路二段71號,9d51fe73,0906595722,C001
47725-34771-FJ,Stacy Pickworth,,台中市北屯區豐樂路35號,178ebaab,0911196365,C001
53086-67334-KT,Melli Brockway,mbrockway8r@ibm.com,新北市三芝區淡金路一段166巷25號4樓,ac4b1767,0986426248,C002
83308-82257-UN,Nanny Lush,nlush8s@dedecms.com,台中市豐原區鎌村路30巷23號5樓,286983d4,0957507104,C001
37274-08534-FM,Selma McMillian,smcmillian8t@csmonitor.com,台中市西區向上路一段168號,b6edc936,0905530712,C001
54004-04664-AA,Tess Bennison,tbennison8u@google.cn,高雄市左營區立大路219號,752a98d9,0970912627,C006
26822-19510-SD,Gabie Tweed,gtweed8v@yolasite.com,台中市豐原區田心路二段91巷21號,0995d662,0928785043,C001
37916-57149-GE,Freddie Cusick,fcusick8w@hatena.ne.jp,台南市仁德區二仁路一段214號,d6a208de,0908498183,C001
06432-73165-ML,Gaile Goggin,ggoggin8x@wix.com,台中市西屯區大墩十九街9巷13號1樓,55eaae12,0946171702,C001
96503-31833-CW,Skylar Jeyness,sjeyness8y@biglobe.ne.jp,台中市豐原區南陽路233號,1984b001,0988942188,C001
63985-64148-MG,Donica Bonhome,dbonhome8z@shinystat.com,苗栗縣後龍鎮造豐路77巷29號2樓,ce216540,0996715826,C011
19597-91185-CM,Diena Peetermann,,新北市中和區中安街142巷27號,9a9e53ff,0937721749,C002
79814-23626-JR,Trina Le Sarr,tle91@epa.gov,新北市烏來區34巷14號,eceb28a0,0960515645,C002
43439-94003-DW,Flynn Antony,,高雄市岡山區筧橋路131號,7faaf2c4,0916610667,C006
97655-45555-LI,Baudoin Alldridge,balldridge93@yandex.ru,桃園市中壢區新中北路二段175巷18號,d6b409e3,0983963946,C003
64418-01720-VW,Homer Dulany,,台南市安南區培安路105巷18號,d8643259,0961176439,C001
96836-09258-RI,Lisa Goodger,lgoodger95@guardian.co.uk,高雄市三民區澄和路125巷22號,0114e4df,0903101004,C006
33622-01348-PF,Fiorenze Drogan,fdrogan96@gnu.org,新北市三峽區大德路125巷16號,ef92be92,0983129579,C002
69529-07533-CV,Corine Drewett,cdrewett97@wikipedia.org,彰化縣二林鎮里斗苑路四段64號,a80601d1,0977230351,C012
94840-49457-UD,Quinn Parsons,qparsons98@blogtalkradio.com,台中市大里區工業二路74巷28號,7541d3b6,0900350539,C001
81414-81273-DK,Vivyan Ceely,vceely99@auda.org.au,新北市烏來區環山路112巷6號,5a6f2723,0910345092,C002
76930-61689-CH,Elonore Goodings,,台北市大安區新生南路一段68號,9c3aed26,0967917288,C001
12839-56537-TQ,Clement Vasiliev,cvasiliev9b@discuz.net,高雄市鳳山區鳳育路8巷4號,0ede8a32,0948395142,C006
62741-01322-HU,Terencio O'Moylan,tomoylan9c@liveinternet.ru,台北市士林區中山北路六段37號,5a926d2a,0949682485,C001
34104-15243-UX,Jeddy Vanyarkin,,新北市汐止區福德一路205號,0d3f79f3,0961079003,C002
44932-34838-RM,Wyatan Fetherston,wfetherston9e@constantcontact.com,台北市南港區忠孝東路六段249號,2da69139,0983893811,C001
91181-19412-RQ,Emmaline Rasmus,erasmus9f@techcrunch.com,台中市潭子區興華一路78巷25號,cb5a1b74,0935903240,C001
37182-54930-XC,Wesley Giorgioni,wgiorgioni9g@wikipedia.org,台中市豐原區南陽路233號,018c36fa,0937817866,C001
08613-17327-XT,Lucienne Scargle,lscargle9h@myspace.com,新北市板橋區僑中一街87巷19號6樓,05c23b2c,0945669087,C002
40507-83899-MR,Christy Franseco,cfranseco9i@phoca.cz,高雄市左營區新庄仔路70號,1b7aaf6b,0977397098,C006
70451-38048-AH,Noam Climance,nclimance9j@europa.eu,台北市大同區延平北路三段163巷7號,0f2e3532,0934078204,C001
35442-75769-PL,Catarina Donn,,台南市安平區國平路169號,0f61bd0c,0944033227,C001
83737-56117-JE,Ameline Snazle,asnazle9l@oracle.com,高雄市旗津區廟前路179號,ad654a99,0977573398,C006
07095-81281-NJ,Rebeka Worg,rworg9m@arstechnica.com,彰化縣溪湖鎮崙子腳路233號,69f615ff,0987087000,C012
77043-48851-HG,Lewes Danes,ldanes9n@umn.edu,台中市東勢區石城街2巷17號5樓,ac28384f,0941681145,C001
78224-60622-KH,Shelli Keynd,skeynd9o@narod.ru,台北市內湖區安泰街51巷16號,aabde837,0921605968,C001
83105-86631-IU,Dell Daveridge,ddaveridge9p@arstechnica.com,高雄市三民區澄和路68巷5號5樓,d5bfecd8,0930188377,C006
99358-65399-TC,Joshuah Awdry,jawdry9q@utexas.edu,高雄市仁武區水管路233號,34928db6,0962088394,C006
94525-76037-JP,Ethel Ryles,eryles9r@fastcompany.com,嘉義縣民雄鄉建國路二段93號,44a419eb,0955628378,C015
91336-36621-RB,Selie Baulcombe,sbaulcombe9s@dropbox.com,新北市新店區德正街116巷8號,c75ae9c1,0981862914,C002
82718-93677-XO,Maitilde Boxill,,桃園市楊梅區瑞溪路二段287號,1d07398a,0974491066,C003
44708-78241-DF,Jodee Caldicott,jcaldicott9u@usda.gov,新北市三重區龍門路7號,6cb7996b,0913967197,C002
23039-93032-FN,Marianna Vedmore,mvedmore9v@a8.net,新竹市東區金山街176巷22號,483b1415,0988236076,C008
35256-12529-FT,Willey Romao,wromao9w@chronoengine.com,台中市南區東興路一段217號,3038bc1c,0954461469,C001
86100-33488-WP,Enriqueta Ixor,,南投縣名間鄉名松路二段101號,3b6cfa88,0920873652,C013
64435-53100-WM,Tomasina Cotmore,tcotmore9y@amazonaws.com,南投縣竹山鎮前山路一段72號,aa3dc5d1,0956623448,C013
44699-43836-UH,Yuma Skipsey,yskipsey9z@spotify.com,雲林縣東勢鄉康安路7巷16號,7d8df638,0904282130,C014
29588-35679-RG,Nicko Corps,ncorpsa0@gmpg.org,新北市新店區文化路119號,072d0016,0972794583,C002
09003-89770-JO,Christabel Rubury,cruburya1@geocities.jp,宜蘭縣礁溪鄉礁溪路六段271號,966bf565,0978416226,C017
64815-54078-HH,Feliks Babber,fbabbera2@stanford.edu,新北市新店區如意街270號,35aa0a11,0958603288,C002
59572-41990-XY,Kaja Loxton,kloxtona3@opensource.org,桃園市桃園區正康二街191號,9e05d587,0992630966,C003
32481-61533-ZJ,Parker Tofful,ptoffula4@posterous.com,宜蘭縣宜蘭市東港路203號,f4c9da98,0931088367,C017
31587-92570-HL,Casi Gwinnett,cgwinnetta5@behance.net,台北市大安區新生南路一段68號,d76be3d6,0951353446,C001
93832-04799-ID,Saree Ellesworth,,新北市中和區中安街142巷27號,ce38b87d,0916936883,C002
59367-30821-ZQ,Silvio Iorizzi,,台北市南港區忠孝東路六段249號,af14d59e,0994234287,C001
83947-45528-ET,Leesa Flaonier,lflaoniera8@wordpress.org,台北市大安區辛亥路二段65巷12號,84dc358f,0983434122,C001
60799-92593-CX,Abba Pummell,,新北市淡水區中山北路二段92巷19號,07524f36,0904562642,C002
61600-55136-UM,Corinna Catcheside,ccatchesideaa@macromedia.com,台北市文山區木新路二段84號,e867a78d,0918226533,C001
59771-90302-OF,Cortney Gibbonson,cgibbonsonab@accuweather.com,雲林縣台西鄉崙豐路283號,acfbdd84,0982706817,C014
16880-78077-FB,Terri Farra,tfarraac@behance.net,桃園市中壢區吉林二路207號,65759d21,0990421364,C003
74415-50873-FC,Corney Curme,,新北市中和區興南路二段151巷16號,02d2bcb4,0993844927,C002
31798-95707-NR,Gothart Bamfield,gbamfieldae@yellowpages.com,台南市南區健康路二段37號,288b93c0,0907041811,C001
59122-08794-WT,Waylin Hollingdale,whollingdaleaf@about.me,台北市士林區中山北路七段27巷8號,b3466bd7,0903468772,C001
37238-52421-JJ,Judd De Leek,jdeag@xrea.com,新北市三峽區民權街86號,98ce6785,0911958595,C002
48854-01899-FN,Vanya Skullet,vskulletah@tinyurl.com,高雄市左營區孔營路77號,26edb1ac,0965420386,C006
80896-38819-DW,Jany Rudeforth,jrudeforthai@wunderground.com,新北市三峽區大學路79巷6號,beace333,0993521606,C002
29814-01459-RC,Ashbey Tomaszewski,atomaszewskiaj@answers.com,台中市南屯區東興路二段38巷22號1樓,1d338046,0998355089,C001
21815-71230-UT,Fanni Marti,fmartiak@stumbleupon.com,台北市南港區園區街175號,c1efc4d8,0924383668,C001
48497-29281-FE,Pren Bess,pbessal@qq.com,台中市南屯區南屯路二段239號,612163ea,0929874138,C001
43605-12616-YH,Elka Windress,ewindressam@marketwatch.com,台北市士林區忠誠路二段146號,322358b5,0943611459,C001
21907-75962-VB,Marty Kidstoun,,新竹縣竹東鎮東寧路三段72巷23號7樓,afd4759f,0992429740,C010
69503-12127-YD,Nickey Dimbleby,,台北市大同區南京西路143巷13號,d65b6de4,0906164029,C001
68810-07329-EU,Virgil Baumadier,vbaumadierap@google.cn,台北市大安區忠孝東路四段95號,5c79b3f0,0954749558,C001
08478-75251-OG,Lenore Messenbird,,台中市豐原區豐原大道四段251號,b9947223,0911500043,C001
17005-82030-EA,Shirleen Welds,sweldsar@wired.com,新竹縣湖口鄉中正路三段5巷1號,f9549431,0941546516,C010
42179-95059-DO,Maisie Sarvar,msarvaras@artisteer.com,屏東縣萬巒鄉萬德路191號,4fab6339,0939390663,C016
55989-39849-WO,Andrej Havick,ahavickat@nsw.gov.au,桃園市中壢區中北路二段167號,f55fc955,0954350608,C003
28932-49296-TM,Sloan Diviny,sdivinyau@ask.com,新竹市東區公道五路二段172號,e2396d90,0912637306,C008
86144-10144-CB,Itch Norquoy,inorquoyav@businessweek.com,台中市北區博館東街127巷15號5樓,fa2bc057,0954117295,C001
60973-72562-DQ,Anson Iddison,aiddisonaw@usa.gov,高雄市小港區廈莊一街133巷22號3樓,b9dcba7c,0915604303,C006
94341-60520-PF,Dov Sprosson,dsprossonax@wunderground.com,桃園市中壢區新生路131號,e40829ef,0949790562,C003
11263-86515-VU,Randal Longfield,rlongfielday@bluehost.com,台北市大安區光復南路144號,0b4e502c,0975112063,C001
60004-62976-NI,Gregorius Kislingbury,gkislingburyaz@samsung.com,台中市西屯區西屯路二段28號,65782479,0907859109,C001
77876-28498-HI,Xenos Gibbons,xgibbonsb0@artisteer.com,新北市五股區登林路240號,613a2b19,0997999837,C002
61302-06948-EH,Fleur Parres,fparresb1@imageshack.us,新北市板橋區合安一路186巷5號,eb726e1f,0979566190,C002
06757-96251-UH,Gran Sibray,gsibrayb2@wsj.com,彰化縣福興鄉福工路280號,b2fe934a,0980956626,C012
44530-75983-OD,Ingelbert Hotchkin,ihotchkinb3@mit.edu,台南市永康區東橋一路157號,83fb82fd,0907802873,C001
44865-58249-RY,Neely Broadberrie,nbroadberrieb4@gnu.org,桃園市楊梅區自立街147號,7f3ed796,0908706678,C003
36021-61205-DF,Rutger Pithcock,rpithcockb5@yellowbook.com,嘉義市西區南京路259號,6e3f614b,0903416832,C009
75716-12782-SS,Gale Croysdale,gcroysdaleb6@nih.gov,新北市五股區民義路二段208號,1895c501,0900812857,C002
11812-00461-KH,Benedetto Gozzett,bgozzettb7@github.com,新北市三峽區民權街86號,e7267cca,0958986967,C002
46681-78850-ZW,Tania Craggs,tcraggsb8@house.gov,新竹縣北埔鄉南興街19號,3ee23e14,0916413699,C010
01932-87052-KO,Leonie Cullrford,lcullrfordb9@xing.com,台北市信義區松信路131巷12號,2793226e,0952860758,C001
16046-34805-ZF,Auguste Rizon,arizonba@xing.com,苗栗縣竹南鎮科專三路298號,c7671926,0904903647,C011
34546-70516-LR,Lorin Guerrazzi,,南投縣名間鄉名松路二段101號,f00a0c9d,0964153512,C013
73699-93557-FZ,Felice Miell,fmiellbc@spiegel.de,台北市大同區南京西路143巷13號,7e89c435,0934400056,C001
86686-37462-CK,Hamish Skeech,,高雄市岡山區柳橋西路一段253號,6bde99d7,0980969695,C006
14298-02150-KH,Giordano Lorenzin,,彰化縣彰化市公園路一段287號,64964ba5,0934166445,C012
48675-07824-HJ,Harwilll Bishell,,新北市板橋區莒光路132號,a4f702de,0976263694,C002
18551-80943-YQ,Freeland Missenden,,桃園市平鎮區廣明路177巷18號,35054da5,0949223138,C003
19196-09748-DB,Waylan Springall,wspringallbh@jugem.jp,高雄市左營區榮總路103巷7號,0a750111,0940859946,C006
72233-08665-IP,Kiri Avramow,,嘉義縣民雄鄉建國路二段93號,86b21b5a,0930960098,C015
53817-13148-RK,Gregg Hawkyens,ghawkyensbj@census.gov,台中市南區福田二街125號,ce2f723f,0934183798,C001
92227-49331-QR,Reggis Pracy,,台北市信義區光復南路160號,6b41711a,0972033751,C001
12997-41076-FQ,Paula Denis,,新竹縣芎林鄉富林路三段34巷24號7樓,015a01f3,0993720871,C010
44220-00348-MB,Broderick McGilvra,bmcgilvrabm@so-net.ne.jp,基隆市信義區義七路216號,2d324c6d,0913275799,C007
93047-98331-DD,Annabella Danzey,adanzeybn@github.com,嘉義市西區世賢路二段15巷29號,99932db8,0945039338,C009
83537-35563-UF,Anthia McKeller,amckellerbo@ning.com,台北市萬華區漢中街46巷25號4樓,c2129b0c,0981256928,C001
01881-40815-VO,Faith Powley,fpowleybp@dyndns.org,台中市大里區益民路一段273號,62235a2e,0938366993,C001
67285-75317-XI,Nevins Glowacz,,台北市大安區濟南路三段57巷16號,79a8ca1a,0988727774,C001
88167-57964-PH,Adelice Isabell,,台中市烏日區環中路八段202號,a7933326,0927747519,C001
16106-36039-QS,Yulma Dombrell,ydombrellbs@dedecms.com,南投縣竹山鎮集山路三段107號,d290d19f,0955223192,C013
98921-82417-GN,Alric Darth,adarthbt@t.co,台北市萬華區富民路65巷2號,d2b87565,0902442987,C001
55265-75151-AK,Manuel Darrigoe,mdarrigoebu@hud.gov,苗栗縣竹南鎮永貞路二段97巷28號,87a7b8ac,0942295104,C011
47386-50743-FG,Kynthia Berick,,台中市豐原區豐原大道四段251號,fc1c3bf0,0904095949,C001
32622-54551-UC,Minetta Ackrill,mackrillbw@bandcamp.com,新竹縣新埔鎮田新路297號,2d8ebc18,0997749526,C010
61516-88984-DK,Maximo Bricksey,mbrickseybx@youku.com,新竹縣竹東鎮中興路四段21號,ee60232b,0949859766,C010
48419-02347-XP,Melosa Kippen,mkippenby@dion.ne.jp,桃園市平鎮區廣明路177巷18號,8aef72d4,0933013025,C003
14121-20527-OJ,Witty Ranson,wransonbz@ted.com,宜蘭縣員山鄉溫泉路194巷3號,04b19ee5,0966946295,C017
53486-73919-BQ,Rod Gowdie,,嘉義市東區大雅路二段99號,4a0959a7,0912330371,C009
21889-94615-WT,Lemuel Rignold,lrignoldc1@miibeian.gov.cn,宜蘭縣蘇澳鎮大同路273號,078febe4,0992484851,C017
87726-16941-QW,Nevsa Fields,,新北市三重區仁興街105巷22號3樓,f13bec5f,0936098000,C002
03677-09134-BC,Chance Rowthorn,crowthornc3@msn.com,高雄市三民區澄和路68巷5號5樓,2d3ed854,0953920200,C006
93224-71517-WV,Orly Ryland,orylandc4@deviantart.com,高雄市鼓山區華泰路192號,d6b52f29,0918100220,C006
76263-95145-GJ,Willabella Abramski,,桃園市蘆竹區海山路二段245號,351ba810,0988355095,C003
48314-32864-VI,Brandy Lottrington,blottringtonc6@redcross.org,桃園市中壢區吉林路32巷5號7樓,3a450be7,0936603556,C003
70624-19112-AO,Chickie Ragless,craglessc7@webmd.com,高雄市鳳山區鳳育路8巷4號,094ab049,0972008061,C006
58916-61837-QH,Freda Hollows,fhollowsc8@blogtalkradio.com,新竹縣芎林鄉五和街98號,e2a707af,0946133289,C010
89292-52335-YZ,Livy Lathleiff,llathleiffc9@nationalgeographic.com,新北市八里區觀海大道197巷2號,f30f99b3,0917605368,C002
77284-34297-YY,Koralle Heads,kheadsca@jalbum.net,高雄市小港區沿海一路44號,1b33c371,0935968726,C006
50449-80974-BZ,Theo Bowne,tbownecb@unicef.org,台中市龍井區龍山街168巷1號6樓,020103b8,0918829721,C001
08120-16183-AW,Rasia Jacquemard,rjacquemardcc@acquirethisname.com,新北市土城區廣明街127號,ad131028,0904312500,C002
68044-89277-ML,Kizzie Warman,kwarmancd@printfriendly.com,桃園市蘆竹區南華一街163巷27號,c2691e41,0967716930,C003
71364-35210-HS,Wain Cholomin,wcholomince@about.com,宜蘭縣蘇澳鎮大同路35巷26號,4f888173,0971851728,C017
37177-68797-ON,Arleen Braidman,abraidmancf@census.gov,新北市新店區安忠路62巷19號,1ba7c1c5,0906804969,C002
60308-06944-GS,Pru Durban,pdurbancg@symantec.com,新北市瑞芳區185號,2b3ee1ff,0913211321,C002
49888-39458-PF,Antone Harrold,aharroldch@miibeian.gov.cn,台中市太平區新平路三段275號,c3f013f8,0998399088,C001
60748-46813-DZ,Sim Pamphilon,spamphilonci@mlb.com,高雄市小港區博學路85巷12號,3a1420cc,0921231567,C006
16385-11286-NX,Mohandis Spurden,mspurdencj@exblog.jp,高雄市前鎮區翠亨北路195號,41a1d00c,0994432207,C006
68555-89840-GZ,Morgen Seson,msesonck@census.gov,基隆市安樂區武聖街130號,99e26f9a,0947162999,C007
72164-90254-EJ,Nalani Pirrone,npirronecl@weibo.com,屏東縣屏東市民生東路293號,3eb9b9de,0995692004,C016
67010-92988-CT,Reube Cawley,rcawleycm@yellowbook.com,台中市神岡區大洲路215號,25079f16,0969929388,C001
15776-91507-GT,Stan Barribal,sbarribalcn@microsoft.com,苗栗縣竹南鎮永貞路二段97巷28號,74b59c95,0997545049,C011
23473-41001-CD,Agnes Adamides,aadamidesco@bizjournals.com,台北市中正區衡陽路29巷2號,2e2a3736,0937884745,C001
23446-47798-ID,Carmelita Thowes,cthowescp@craigslist.org,新北市烏來區34巷14號,0b06f4a8,0928336566,C002
28327-84469-ND,Rodolfo Willoway,rwillowaycq@admin.ch,新竹市北區榮濱路4巷25號,a68d8ffe,0976519566,C008
42466-87067-DT,Alvis Elwin,aelwincr@privacy.gov.au,嘉義縣朴子市南通路三段275號,8b404506,0999396658,C015
62246-99443-HF,Araldo Bilbrook,abilbrookcs@booking.com,台中市北屯區中清路二段31巷18號,cc4c6bd6,0956908753,C001
99869-55718-UU,Ransell McKall,rmckallct@sakura.ne.jp,台中市太平區大興11街195巷9號,8c952c5c,0915052952,C001
77421-46059-RY,Borg Daile,bdailecu@vistaprint.com,新北市三峽區大學路79巷6號,5a63b315,0958826255,C002
49894-06550-OQ,Adolphe Treherne,atrehernecv@state.tx.us,新北市土城區延安街65號,98559a50,0916276630,C002
72028-63343-SU,Annetta Brentnall,abrentnallcw@biglobe.ne.jp,台中市豐原區豐原大道四段251號,ab5adeab,0944887126,C001
10074-20104-NN,Dick Drinkall,ddrinkallcx@psu.edu,台北市大安區忠孝東路四段95號,c59ef7ad,0925424238,C001
71769-10219-IM,Dagny Kornel,dkornelcy@cyberchimps.com,台南市仁德區德洋路155巷14號,7f263132,0928194371,C001
22221-71106-JD,Rhona Lequeux,rlequeuxcz@newyorker.com,南投縣草屯鎮敦和路180號,c8a3f283,0901778334,C013
99735-44927-OL,Julius Mccaull,jmccaulld0@parallels.com,高雄市楠梓區海專路155巷19號,134e24e9,0972793359,C006
27064-10803-SB,Jolyn Dymoke,jdymoked1@mapquest.com,台中市太平區樹孝路9巷13號,c243400b,0969600448,C001
90440-62727-HI,Alberto Hutchinson,ahutchinsond2@imgur.com,彰化縣福興鄉彰水路133號,a0b3b698,0918102765,C012
36769-16558-SX,Lamond Gheeraert,,台南市南區新建路115巷20號,f4b9bccd,0976148629,C001
10138-31681-SD,Roxine Drivers,rdriversd4@hexun.com,台中市西屯區逢大路9號,31096b9d,0931184845,C001
24669-76297-SF,Heloise Zeal,hzeald5@google.de,台南市善化區環東路二段161巷3號,4ec7c4d8,0955354109,C001
78050-20355-DI,Granger Smallcombe,gsmallcombed6@ucla.edu,新竹市北區武陵路298號,fb7b0d9d,0948663565,C008
79825-17822-UH,Daryn Dibley,ddibleyd7@feedburner.com,新北市板橋區金門街101巷15號,509d5456,0900499063,C002
03990-21586-MQ,Gardy Dimitriou,gdimitrioud8@chronoengine.com,台中市西屯區台灣大道四段165號,d55219a9,0943029135,C001
27493-46921-TZ,Fanny Flanagan,fflanagand9@woothemes.com,台北市中山區合江街231號,02548472,0916427906,C001
27132-68907-RC,Ailey Brash,abrashda@plala.or.jp,宜蘭縣五結鄉中興路三段136號,f62130cd,0998557137,C017
21565-13068-SH,Tatiana Thorn,,台北市大同區南京西路143巷13號,c5dc75d4,0917006809,C001
04776-34127-MX,Wendeline McInerney,wmcinerneydc@wordpress.com,高雄市鳳山區瑞興路99號,dc3d15c1,0912572148,C006
58816-74064-TF,Nanny Izhakov,nizhakovdd@aol.com,高雄市三民區大中一路31巷9號,484690b1,0978764031,C006
09818-59895-EH,Stanly Keets,skeetsde@answers.com,台中市南屯區東興路二段38巷22號1樓,da528b29,0901330425,C001
06488-46303-IZ,Orion Dyott,,新北市三芝區淡金路一段166巷25號4樓,04fa4211,0915699417,C002
93046-67561-AY,Keefer Cake,kcakedg@huffingtonpost.com,彰化縣二林鎮里斗苑路四段64號,ec51065b,0971065471,C012
68946-40750-LK,Morna Hansed,mhanseddh@instagram.com,桃園市桃園區建新街75號,1df701c4,0974356832,C003
38387-64959-WW,Franny Kienlein,fkienleindi@trellian.com,台北市大同區民生西路21號,f9d97aa2,0998229565,C001
48418-60841-CC,Klarika Egglestone,kegglestonedj@sphinn.com,南投縣南投市南崗二路142巷19號2樓,1be529ee,0992311537,C013
13736-92418-JS,Becky Semkins,bsemkinsdk@unc.edu,嘉義縣民雄鄉大學路一段51巷22號4樓,b24ae637,0931465080,C015
33000-22405-LO,Sean Lorenzetti,slorenzettidl@is.gd,台北市大同區南京西路143巷13號,0aada6b6,0955517519,C001
46959-60474-LT,Bob Giannazzi,bgiannazzidm@apple.com,宜蘭縣宜蘭市延平路192巷2號,8d50369e,0946754297,C017
73431-39823-UP,Kendra Backshell,,屏東縣九如鄉東寧路124號,726d73f4,0911186861,C016
90993-98984-JK,Uriah Lethbrig,ulethbrigdo@hc360.com,新竹縣竹北市自強南路146號,84edfe15,0980208338,C010
06552-04430-AG,Sky Farnish,sfarnishdp@dmoz.org,基隆市七堵區明德一路77號,19752965,0911042996,C007
54597-57004-QM,Felicia Jecock,fjecockdq@unicef.org,桃園市桃園區大豐路23巷17號,018cb043,0969173176,C003
50238-24377-ZS,Currey MacAllister,,台中市北屯區景賢路112巷26號7樓,0b24276b,0927924207,C001
60370-41934-IF,Hamlen Pallister,hpallisterds@ning.com,高雄市楠梓區楠陽路7號,887571ce,0963596272,C006
06899-54551-EH,Chantal Mersh,cmershdt@drupal.org,台北市內湖區金湖路197巷12號1樓,ec74a64b,0952962962,C001
71631-11462-TH,Brendin Bredee,bbredeedu@flickr.com,台北市大安區濟南路三段57巷16號,1657ecd8,0968123708,C001
80463-43913-WZ,Malynda Purbrick,,新北市烏來區烏來街277號,0a395b58,0971053399,C002
67204-04870-LG,Alf Housaman,,新北市樹林區後站街61號,3d65a9f0,0926952059,C002
22721-63196-UJ,Gladi Ducker,gduckerdx@patch.com,高雄市仁武區鳳仁路24號,11ce74a7,0967251646,C006
88973-59503-DR,Emelita Shearsby,eshearsbydy@g.co,新北市三峽區187號,4bee1579,0974794972,C002
29738-86305-ZU,Berte Gaddes,,台北市內湖區成功路二段115巷7號6樓,414d26cd,0920803379,C001
68493-99734-LP,Nadia Erswell,nerswelle0@mlb.com,台中市大肚區中沙路146巷7號,9cc0075d,0966785237,C001
55515-37571-RS,Wain Stearley,wstearleye1@census.gov,新北市樹林區潭興街119號,921e3273,0930329962,C002
25598-77476-CB,Diane-marie Wincer,dwincere2@marriott.com,新北市新莊區豐年街193號,9d4e1b1a,0990541828,C002
14888-85625-TM,Perry Lyfield,plyfielde3@baidu.com,彰化縣花壇鄉彰員路二段139巷3號1樓,8ace1473,0945512822,C012
92793-68332-NR,Heall Perris,hperrise4@studiopress.com,新北市樹林區後站街61號,7c14f112,0900010218,C002
66458-91190-YC,Marja Urion,murione5@alexa.com,新北市新店區德正街116巷8號,9541b339,0995360058,C002
64439-27325-LG,Camellia Kid,ckide6@narod.ru,台北市大安區敦化南路一段173巷19號,e3798b47,0960252264,C001
78570-76770-LB,Carolann Beine,cbeinee7@xinhuanet.com,台中市西屯區福安路152號,d1fc4413,0955323064,C001
98661-69719-VI,Celia Bakeup,cbakeupe8@globo.com,桃園市龜山區文化一路7巷15號,b1bc70ac,0937004040,C003
82990-92703-IX,Nataniel Helkin,nhelkine9@example.com,台中市沙鹿區南斗路195巷13號,a78346b9,0917055111,C001
49412-86877-VY,Pippo Witherington,pwitheringtonea@networkadvertising.org,屏東縣恆春鎮省北路160號,7da245a4,0959054528,C016
70879-00984-FJ,Tildie Tilzey,ttilzeyeb@hostgator.com,南投縣草屯鎮新豐路298號,58c110df,0994108768,C013
53414-73391-CR,Cindra Burling,,桃園市楊梅區自立街41巷15號,ce806bff,0931307137,C003
43606-83072-OA,Channa Belamy,,高雄市鳳山區鳳北路121號,9732e016,0943212409,C006
84466-22864-CE,Karl Imorts,kimortsee@alexa.com,台中市沙鹿區沙田路78巷16號,c8defa5c,0996661308,C001
44086-16292-EU,Philippine Starte,pstarteef@accuweather.com,台南市安南區培安路125巷12號1樓,91283222,0924981511,C001
76499-89100-JQ,Mag Armistead,marmisteadeg@blogtalkradio.com,台中市南屯區大墩十一街46巷5號,d0f8f5ca,0934457533,C001
15451-65859-BG,Janela Lemerle,jlemerleeh@ustream.tv,桃園市龍潭區百年路192號,9293a631,0989777910,C003
39582-35773-ZJ,Vasili Upstone,vupstoneei@google.pl,新竹市香山區富群街194號,86a19c89,0974703902,C008
66240-46962-IO,Berty Beelby,bbeelbyej@rediff.com,台南市南區健康路二段179巷7號6樓,a039ad24,0961361028,C001
10637-45522-ID,Erny Stenyng,,嘉義市西區南京路259號,7dddd24d,0920812180,C009
92599-58687-CS,Edin Yantsurev,,台中市東勢區石城街2巷17號5樓,123466af,0925455230,C001
06058-48844-PI,Webb Speechly,wspeechlyem@amazon.com,桃園市蘆竹區南崁路二段27巷3號,402bfd75,0970523650,C003
53631-24432-SY,Irvine Phillpot,iphillpoten@buzzfeed.com,屏東縣萬丹鄉萬丹路三段178巷16號,a90e74a6,0969611170,C016
18275-73980-KL,Lem Pennacci,lpennaccieo@statcounter.com,台南市北區海安路三段173巷28號1樓,468732fb,0990141110,C001
23187-65750-HZ,Starr Arpin,sarpinep@moonfruit.com,嘉義市東區啟明路150巷20號4樓,40948393,0958942744,C009
22725-79522-GP,Donny Fries,dfrieseq@cargocollective.com,新北市三重區文化南路64巷15號,60f5dcb7,0984471858,C002
06279-72603-JE,Rana Sharer,rsharerer@flavors.me,新北市板橋區金門街101巷15號,aabb624b,0919419087,C002
83543-79246-ON,Nannie Naseby,nnasebyes@umich.edu,台北市信義區虎林街165號,14cef000,0969561265,C001
66794-66795-VW,Rea Offell,,新竹市北區育英路61號,9642cb79,0915543201,C008
95424-67020-AP,Kris O'Cullen,koculleneu@ca.gov,苗栗縣後龍鎮造豐路89巷22號,3030410a,0998782525,C011
73017-69644-MS,Timoteo Glisane,,桃園市平鎮區振興西路34號,16ebeca7,0999071885,C003
59361-00606-CU,Wyatan Cokly,wcoklyew@acquirethisname.com,高雄市燕巢區深中路4巷26號,c091003a,0963900760,C006
67423-10113-LM,Hildegarde Brangan,hbranganex@woothemes.com,高雄市鳳山區三誠路84號,b6ce6c6b,0907612238,C006
48582-05061-RY,Amii Gallyon,agallyoney@engadget.com,新北市汐止區福德一路5巷3號,2dec5896,0985160526,C002
32031-49093-KE,Birgit Domange,bdomangeez@yahoo.co.jp,彰化縣和美鎮線東路三段73巷21號,f8e752cb,0971194699,C012
31715-98714-OO,Killian Osler,koslerf0@gmpg.org,台南市中西區府前路二段202號,7a910360,0946752488,C001
73759-17258-KA,Lora Dukes,,新北市樹林區中山路三段8號,975d3c4c,0975675786,C002
64897-79178-MH,Zack Pellett,zpellettf2@dailymotion.com,新北市淡水區清水街28巷24號,27e5aa20,0950168686,C002
73346-85564-JB,Ilaire Sprakes,isprakesf3@spiegel.de,新北市板橋區信義路291號,dec526a6,0913564890,C002
07476-13102-NJ,Heda Fromant,hfromantf4@ucsd.edu,基隆市安樂區麥金路154號,546ad9d4,0993622784,C007
87223-37422-SK,Rufus Flear,rflearf5@artisteer.com,桃園市新屋區中華南路二段57巷23號2樓,b5015195,0977981374,C003
57837-15577-YK,Dom Milella,,嘉義市西區興雅路72號,8327cad7,0905256936,C009
64247-71448-NK,Almire MacAless,,桃園市桃園區龍壽街72巷6號3樓,d557997f,0972887355,C003
73647-66148-VM,Bette-ann Munden,bmundenf8@elpais.com,高雄市前鎮區翠亨北路195號,e242d07c,0984152748,C006
10142-55267-YO,Wilek Lightollers,wlightollersf9@baidu.com,彰化縣福興鄉彰水路133號,ac6795aa,0918581158,C012
92976-19453-DT,Nick Brakespear,nbrakespearfa@rediff.com,嘉義市東區啟明路101巷12號,1afb19c7,0912022221,C009
89757-51438-HX,Malynda Glawsop,mglawsopfb@reverbnation.com,新北市三重區重陽路三段169號,6c8d0b6c,0936911600,C002
76192-13390-HZ,Granville Alberts,galbertsfc@etsy.com,基隆市安樂區麥金路158號,4436fec4,0938603327,C007
02009-87294-SY,Vasily Polglase,vpolglasefd@about.me,新北市板橋區龍泉街40號,02ace78e,0975224565,C002
82872-34456-LJ,Madelaine Sharples,,新竹縣芎林鄉五和街98號,e4be5032,0967927670,C010
13181-04387-LI,Sigfrid Busch,sbuschff@so-net.ne.jp,桃園市蘆竹區仁愛路三段153巷6號2樓,dcaa56d5,0946122284,C003
24845-36117-TI,Cissiee Raisbeck,craisbeckfg@webnode.com,南投縣埔里鎮西安路一段100巷21號,2b356b2c,0930551149,C013
30256-29772-KK,Leslie Laughton,,雲林縣斗六市北平路12巷15號,587ee460,0971961004,C014
86646-65810-TD,Kenton Wetherick,,新北市永和區得和路63號,1241b055,0982051295,C002
59480-02795-IU,Reamonn Aynold,raynoldfj@ustream.tv,基隆市安樂區武聖街4巷6號,480032ae,0941025227,C007
61809-87758-LJ,Hatty Dovydenas,,台北市中山區民權西路142巷7號,5b7e9fd5,0989852042,C001
77408-43873-RS,Nathaniel Bloxland,,宜蘭縣南澳鄉蘇花路三段90巷3號,6739f790,0937409711,C017
18366-65239-WF,Brendan Grece,bgrecefm@naver.com,桃園市蘆竹區大竹路100號,25ce44f6,0953639777,C003
11107-57605-HS,Steffie Maddrell,smaddrellfn@123-reg.co.uk,南投縣草屯鎮新豐路298號,ef11a2a6,0906818993,C013
72072-33025-SD,Abbe Thys,athysfo@cdc.gov,新竹縣竹北市莊敬六街48巷16號,4b12cef9,0965650778,C010
58118-22461-GC,Jackquelin Chugg,jchuggfp@about.me,台中市大甲區蔣公路57號,ccf580c7,0901718841,C001
90940-63327-DJ,Audra Kelston,akelstonfq@sakura.ne.jp,新北市板橋區四川路一段295號,fbb54589,0941295906,C002
64481-42546-II,Elvina Angel,,台南市東區榮譽街181號,37c3f825,0972928499,C001
27536-28463-NJ,Claiborne Mottram,cmottramfs@harvard.edu,台北市中正區汀州路二段267號,ca7fd0f4,0917160399,C001
66005-20240-MI,Dilly Marrison,dmarrisonft@geocities.jp,台南市歸仁區大順街167巷18號5樓,e9bc8e83,0954618801,C001
70140-82812-KD,Donalt Sangwin,dsangwinfu@weebly.com,台北市中山區農安街227號,942a067f,0908655835,C001
91895-55605-LS,Elizabet Aizikowitz,eaizikowitzfv@virginia.edu,台北市萬華區和平西路三段32號,f277f7a9,0935174774,C001
43155-71724-XP,Herbie Peppard,,彰化縣花壇鄉彰員路二段139巷3號1樓,8068eb77,0962325370,C012
32038-81174-JF,Cornie Venour,cvenourfx@ask.com,新竹市東區立鵬路218號,edd5f028,0913772925,C008
59205-20324-NB,Maggy Harby,mharbyfy@163.com,台北市大安區金華街155巷10號,8209d7cf,0919121860,C001
99899-54612-NX,Reggie Thickpenny,rthickpennyfz@cafepress.com,彰化縣彰化市彰馬路178號,8c60a58a,0914304990,C012
26248-84194-FI,Phyllys Ormerod,pormerodg0@redcross.org,台北市信義區虎林街165號,93a270fc,0911908885,C001
19485-98072-PS,Don Flintiff,dflintiffg1@e-recht24.de,台北市萬華區和平西路三段177號,68ab8023,0908688207,C001
84493-71314-WX,Tymon Zanetti,tzanettig2@gravatar.com,高雄市鳳山區自強二路131號,711e6bd1,0983665252,C006
09530-56210-WO,Bili Follet,bfolletg3@a8.net,台中市北區博館東街127巷15號5樓,89439cb0,0973377304,C001
39789-43945-IV,Reinaldos Kirtley,rkirtleyg4@hatena.ne.jp,台南市南區喜樹路124巷22號,b2f5797c,0977595099,C001
38972-89678-ZM,Carney Clemencet,cclemencetg5@weather.com,桃園市龍潭區神龍路211號,aa7be9dd,0991030224,C003
91465-84526-IJ,Russell Donet,rdonetg6@oakley.com,基隆市仁愛區仁三路7巷16號,3274786b,0977337997,C007
22832-98538-RB,Sidney Gawen,sgaweng7@creativecommons.org,屏東縣九如鄉東寧路124號,f73343d7,0916370844,C016
30844-91890-ZA,Rickey Readie,rreadieg8@guardian.co.uk,高雄市仁武區仁林路106號,006dc110,0905156143,C006
64328-37891-JA,Conchita Dietzler,cdietzlerg9@goo.gl,新北市中和區圓通路103巷1號4樓,3229fdce,0927895518,C002
88992-49081-AT,Zilvia Claisse,,雲林縣台西鄉崙豐路283號,4b82c848,0968329409,C014
10204-31464-SA,Bar O' Mahony,bogb@elpais.com,台中市南屯區惠文路99巷18號,9cb2a4af,0922078672,C001
75156-80911-YT,Valenka Stansbury,vstansburygc@unblog.fr,基隆市七堵區明德一路137巷24號4樓,e69dd1f2,0928649095,C007
53971-49906-PZ,Daniel Heinonen,dheinonengd@printfriendly.com,宜蘭縣蘇澳鎮蘇港路112巷13號,69d005a2,0949478262,C017
10728-17633-ST,Jewelle Shenton,jshentonge@google.com.hk,新北市板橋區文化路一段24巷20號,f63b8bd3,0979874384,C002
13549-65017-VE,Jennifer Wilkisson,jwilkissongf@nba.com,高雄市三民區鼎山街199號,78af1bc3,0934709592,C006
87688-42420-TO,Kylie Mowat,,台北市士林區大東路93巷24號,e05bd068,0955556697,C001
05325-97750-WP,Cody Verissimo,cverissimogh@theglobeandmail.com,花蓮縣新城鄉北埔路195號,dac866e7,0957748078,C018
51901-35210-UI,Gabriel Starcks,gstarcksgi@abc.net.au,高雄市鳳山區鳳頂路141巷16號,c47b3ed7,0923380264,C006
62483-50867-OM,Darby Dummer,,台中市西區向上路一段168號,532bc2df,0970471302,C001
92753-50029-SD,Kienan Scholard,kscholardgk@sbwire.com,新北市新店區永業路81巷13號1樓,a467b88e,0955002391,C002
53809-98498-SN,Bo Kindley,bkindleygl@wikimedia.org,新北市鶯歌區尖山路63巷22號,75cdbb16,0958008168,C002
66308-13503-KD,Krissie Hammett,khammettgm@dmoz.org,桃園市平鎮區振興西路34號,5d843d5a,0927065150,C003
82458-87830-JE,Alisha Hulburt,ahulburtgn@fda.gov,新北市三重區重陽路二段129巷15號3樓,d8a111e1,0916865187,C002
41611-34336-WT,Peyter Lauritzen,plauritzengo@photobucket.com,台北市內湖區安泰街51巷16號,84733eda,0906684159,C001
70089-27418-UJ,Aurelia Burgwin,aburgwingp@redcross.org,高雄市旗津區廟前路179號,5d3e9f91,0961888323,C006
99978-56910-BN,Emalee Rolin,erolingq@google.fr,台中市南區工學路18巷8號4樓,5f2d612c,0953621410,C001
09668-23340-IC,Donavon Fowle,dfowlegr@epa.gov,桃園市楊梅區環東路160巷8號,cb6ece98,0902207964,C003
39457-62611-YK,Jorge Bettison,,新竹縣竹北市嘉豐五路二段153號,be1fc898,0934977184,C010
90985-89807-RW,Wang Powlesland,wpowleslandgt@soundcloud.com,新北市淡水區北新路55巷19號,035755a6,0987562781,C002
73171-33001-FC,Brendin Peattie,bpeattiegu@imgur.com,台北市信義區大道路63號,9b3a60ae,0909865084,C001
17816-67941-ZS,Laurence Ellingham,lellinghamgv@sciencedaily.com,桃園市蘆竹區南華一街163巷27號,186647d8,0907938677,C003
90816-65619-LM,Billy Neiland,,台北市大安區忠孝東路四段95號,cc7fe503,0972674875,C001
69761-61146-KD,Ancell Fendt,afendtgx@forbes.com,宜蘭縣員山鄉內城路265號,0b72f4df,0995298313,C017
24040-20817-QB,Angelia Cleyburn,acleyburngy@lycos.com,高雄市小港區廈莊一街133巷22號3樓,2e45753c,0976096948,C006
19524-21432-XP,Temple Castiglione,tcastiglionegz@xing.com,南投縣名間鄉松嶺街169號,d1069cf3,0966010166,C013
14398-43114-RV,Betti Lacasa,,新北市淡水區鄧公路176巷9號,2e8a2e16,0940370157,C002
41486-52502-QQ,Gunilla Lynch,,新竹縣新豐鄉康樂路一段195巷14號3樓,713d9ae3,0993293495,C010
62762-19458-UY,Vita Pummery,,台北市中正區杭州南路一段83巷1號,6f774867,0980732369,C001
20236-64364-QL,Shay Couronne,scouronneh3@mozilla.org,新北市新店區69巷11號,297a88b3,0923102921,C002
29102-40100-TZ,Linus Flippelli,lflippellih4@github.io,台北市南港區忠孝東路六段249號,a5a861e2,0930617756,C001
09171-42203-EB,Rachelle Elizabeth,relizabethh5@live.com,桃園市大園區華興路263號,d27d812c,0963757959,C003
29060-75856-UI,Innis Renhard,irenhardh6@i2i.jp,台北市大安區光復南路253號,4e8fa831,0918852517,C001
17088-16989-PL,Winne Roche,wrocheh7@xinhuanet.com,新北市板橋區新生街135號,53164fa8,0961906955,C002
94022-69223-DP,Josy Bus,jbush8@guardian.co.uk,台中市東區力行路63號,466f6c13,0960082388,C001
13324-78688-MI,Cordy Odgaard,codgaardh9@nsw.gov.au,台中市太平區樹德路188巷2號,e9d310f7,0994570183,C001
73799-04749-BM,Bertine Byrd,bbyrdha@4shared.com,新北市淡水區真理街167號,f721f8b4,0908329824,C002
01927-46702-YT,Nelie Garnson,,桃園市蘆竹區南崁路二段27巷3號,6acc4829,0951669134,C003
80467-17137-TO,Dianne Chardin,dchardinhc@nhs.uk,苗栗縣頭份市大營路40巷23號7樓,8ee1e605,0937729484,C011
14640-87215-BK,Hailee Radbone,hradbonehd@newsvine.com,台北市文山區木柵路二段89號,7002601a,0909585173,C001
94447-35885-HK,Wallis Bernth,wbernthhe@miitbeian.gov.cn,桃園市楊梅區瑞溪路二段287號,230c7b6d,0952143512,C003
71034-49694-CS,Byron Acarson,bacarsonhf@cnn.com,台北市中正區杭州南路一段83巷1號,57cf63c4,0941264759,C001
00445-42781-KX,Faunie Brigham,fbrighamhg@blog.com,南投縣草屯鎮太平路一段19巷11號6樓,a02a7ee1,0963340140,C013
14756-18321-CL,Linn Alaway,lalawayhh@weather.com,新竹縣竹北市莊敬七街32號,dfd8b57e,0919001525,C010
37997-75562-PI,Cami Meir,cmeirhi@cnet.com,彰化縣彰化市進德路45巷5號,e55b7393,0961533776,C012
69981-85767-RP,Marcie Aingell,maingellhj@nasa.gov,台中市北屯區部子路29巷1號6樓,0b62a7bf,0998491302,C001
96116-24737-LV,Marjorie Yoxen,myoxenhk@google.com,新北市三重區捷運路93號,cdd62062,0936453609,C002
18684-73088-YL,Gaspar McGavin,gmcgavinhl@histats.com,新北市中和區中板路114號,6cbc6174,0987239506,C002
74671-55639-TU,Lindy Uttermare,luttermarehm@engadget.com,桃園市平鎮區關爺西路177巷12號,f4d7706f,0999930617,C003
17488-65879-XL,Eal D'Ambrogio,edambrogiohn@techcrunch.com,屏東縣里港鄉永樂路153巷13號,e3ee424e,0993823954,C016
46431-09298-OU,Carolee Winchcombe,cwinchcombeho@jiathis.com,桃園市桃園區正康三街20號,695f87fb,0963522622,C003
60378-26473-FE,Benedikta Paumier,bpaumierhp@umn.edu,新北市板橋區雙十路三段198巷25號,47583670,0912580617,C002
34927-68586-ZV,Neville Piatto,,新北市中和區民利街6巷7號6樓,0f16605b,0968908456,C002
29051-27555-GD,Jeno Capey,jcapeyhr@bravesites.com,新竹縣寶山鄉創新一路81巷20號,70057051,0966717535,C010
05503-73375-RU,Carmella Bruffell,,台南市南區健康路二段37號,568bce99,0962509284,C001
64918-67725-MN,Yardley Basill,ybasillht@theguardian.com,台北市南港區福德街72巷27號4樓,c5cc70a6,0996045555,C001
85634-61759-ND,Maggy Baistow,mbaistowhu@i2i.jp,台北市大安區臨江街12號,167a5b74,0915712679,C001
40180-22940-QB,Courtney Pallant,cpallanthv@typepad.com,宜蘭縣宜蘭市民族路149號,3fbf7574,0958997017,C017
34666-76738-SQ,Marne Mingey,,新北市中和區保健路227號,321f0dcb,0967622643,C002
98536-88616-FF,Denny O' Ronan,dohx@redcross.org,宜蘭縣蘇澳鎮蘇花路二段85巷15號,82a3e106,0917481451,C017
55621-06130-SA,Dottie Rallin,drallinhy@howstuffworks.com,新北市新莊區福美街71號,13ff769a,0908702943,C002
45666-86771-EH,Ardith Chill,achillhz@epa.gov,新北市三峽區二鬮路68巷14號,3947b563,0911446473,C002
52143-35672-JF,Tuckie Mathonnet,tmathonneti0@google.co.jp,彰化縣彰化市公園路一段287號,309f58e3,0967315577,C012
24689-69376-XX,Charmane Denys,cdenysi1@is.gd,新北市林口區66號,29d52650,0938859942,C002
71891-51101-VQ,Cecily Stebbings,cstebbingsi2@drupal.org,台中市潭子區興華一路78巷25號,0aa82744,0954661118,C001
71749-05400-CN,Giana Tonnesen,,台北市信義區忠孝東路五段53號,40b4fc78,0912211192,C001
64845-00270-NO,Rhetta Zywicki,rzywickii4@ifeng.com,台北市文山區萬美街一段78號,0a148dd9,0907283122,C001
29851-36402-UX,Almeria Burgett,aburgetti5@moonfruit.com,台中市南區工學路18巷8號4樓,2fcc8361,0933044448,C001
12190-25421-WM,Marvin Malloy,mmalloyi6@seattletimes.com,台北市大安區延吉街241號,b46325d8,0975219514,C001
52316-30571-GD,Maxim McParland,mmcparlandi7@w3.org,南投縣南投市光華十路7巷20號,0f60d56f,0914108225,C013
23243-92649-RY,Sylas Jennaroy,sjennaroyi8@purevolume.com,高雄市左營區曾子路68號,454037ac,0905212696,C006
39528-19971-OR,Wren Place,wplacei9@wsj.com,台中市霧峰區吉峰東路131巷14號,bf313f76,0998683502,C001
10248-53779-DT,Hewitt Jarret,,台北市士林區雨聲街110號,e50a8909,0956744043,C001
93417-12322-YB,Dollie Gadsden,dgadsdenib@google.com.hk,屏東縣屏東市廣東路262號,0f9cf171,0985142585,C016
56891-86662-UY,Val Wakelin,vwakelinic@unesco.org,台南市善化區環東路二段161巷3號,7bc843f2,0939434497,C001
40414-26467-VE,Annie Campsall,acampsallid@zimbio.com,台中市潭子區復興路一段128號,cfccf9b0,0915680482,C001
87858-83734-RK,Shermy Moseby,smosebyie@stanford.edu,新北市鶯歌區尖山路63巷22號,ca3858e2,0957198103,C002
46818-20198-GB,Corrie Wass,cwassif@prweb.com,新北市金山區中山路69巷7號3樓,f6b21c15,0918976302,C002
29808-89098-XD,Ira Sjostrom,isjostromig@pbs.org,雲林縣斗六市大學路三段122號,9afcfb96,0933259244,C014
71845-97930-ME,Helli Load,hloadih@weibo.com,新北市土城區廣明街127號,68263f75,0965146233,C002
78786-77449-RQ,Jermaine Branchett,jbranchettii@bravesites.com,桃園市中壢區領航南路二段137巷19號,588c1737,0962902513,C003
27878-42224-QF,Nissie Rudland,nrudlandij@blogs.com,台北市文山區木新路二段84號,392cdbd9,0925422837,C001
32743-78448-KT,Janella Millett,jmillettik@addtoany.com,新北市三峽區大學路79巷6號,c93c5918,0913248770,C002
25331-13794-SB,Ferdie Tourry,ftourryil@google.de,新竹縣竹北市縣政九路98號,63685424,0980639658,C010
55864-37682-GQ,Cecil Weatherall,cweatherallim@toplist.cz,台北市信義區松德路98巷8號,9bd91619,0900036895,C001
97005-25609-CQ,Gale Heindrick,gheindrickin@usda.gov,新北市板橋區重慶路182巷12號,70d56f80,0945621237,C002
94058-95794-IJ,Layne Imason,limasonio@discuz.net,台北市大安區光復南路253號,e184c1dc,0952093090,C001
40214-03678-GU,Hazel Saill,hsaillip@odnoklassniki.ru,高雄市鼓山區明倫路112巷21號,2b14cc29,0977633683,C006
04921-85445-SL,Hermann Larvor,hlarvoriq@last.fm,新北市新店區永平街149巷15號2樓,3ad37fa5,0905610056,C002
53386-94266-LJ,Terri Lyford,,高雄市仁武區水管路233號,0fdbd610,0995411301,C006
49480-85909-DG,Gabey Cogan,,台北市大安區新生南路一段21巷6號7樓,d5e641a8,0950411912,C001
18293-78136-MN,Charin Penwarden,cpenwardenit@mlb.com,彰化縣芳苑鄉上林路路上段15巷18號1樓,95cffceb,0980381195,C012
84641-67384-TD,Milty Middis,mmiddisiu@dmoz.org,新北市三峽區民權街86號,f19caa04,0982622934,C002
72320-29738-EB,Adrianne Vairow,avairowiv@studiopress.com,基隆市中山區中山一路124號,bf89f6ea,0971005859,C007
47355-97488-XS,Anjanette Goldie,agoldieiw@goo.gl,台南市北區北門路二段81號,c5d6947b,0998371941,C001
63499-24884-PP,Nicky Ayris,nayrisix@t-online.de,新北市中和區壽德街89巷8號,3142420f,0956612010,C002
39193-51770-FM,Laryssa Benediktovich,lbenediktovichiy@wunderground.com,台南市東區民族路一段61巷19號6樓,884617aa,0989872921,C001
61323-91967-GG,Theo Jacobovitz,tjacobovitziz@cbc.ca,台中市南區工學北路12巷2號,83ad5197,0938343608,C001
90123-01967-KS,Becca Ableson,,桃園市楊梅區梅高路184號,f7eb6f72,0921980505,C003
15958-25089-OS,Jeno Druitt,jdruittj1@feedburner.com,台中市豐原區鎌村路30巷23號5樓,b6ff55bd,0954810198,C001
98430-37820-UV,Deonne Shortall,dshortallj2@wikipedia.org,台中市清水區高美路220號,cfd93344,0931940557,C001
21798-04171-XC,Wilton Cottier,wcottierj3@cafepress.com,台中市北屯區部子路29巷1號6樓,3506ca84,0920752393,C001
52798-46508-HP,Kevan Grinsted,kgrinstedj4@google.com.br,台東縣台東市開封街197巷9號,42c27560,0933047173,C001
46478-42970-EM,Dionne Skyner,dskynerj5@hubpages.com,台北市萬華區貴陽街二段271號,c7d26eb6,0908985724,C001
00246-15080-LE,Francesco Dressel,,台中市北屯區后庄路237號,755b5738,0982920984,C001
09357-10966-VA,Paola Normanvill,pnormanvillj7@biblegateway.com,台南市東區民族路一段61巷19號6樓,43b19e8e,0941180108,C001
26295-44907-DK,Ambrosio Weinmann,aweinmannj8@shinystat.com,台北市大安區忠孝東路四段95號,5a170634,0948725428,C001
95351-96177-QV,Elden Andriessen,eandriessenj9@europa.eu,台北市大安區建國南路一段168巷17號,6c465452,0934874325,C001
92204-96636-BS,Roxie Deaconson,rdeaconsonja@archive.org,台北市大安區敦化南路二段259號,0f41f902,0971925342,C001
03010-30348-UA,Davida Caro,dcarojb@twitter.com,新竹市東區竹蓮街100巷11號,12da1c92,0974416548,C008
13441-34686-SW,Johna Bluck,jbluckjc@imageshack.us,台南市北區臨安路二段21號,f53f13f3,0955900837,C001
96612-41722-VJ,Myrle Dearden,,彰化縣員林市員水路一段155號,06c3375b,0914184679,C012
94091-86957-HX,Jimmy Dymoke,jdymokeje@prnewswire.com,新北市三重區長興街48號,60dcb9c1,0988942508,C002
25504-41681-WA,Orland Tadman,otadmanjf@ft.com,台南市仁德區德洋路155巷14號,ca3c9a68,0959582606,C001
75443-07820-DZ,Barrett Gudde,bguddejg@dailymotion.com,新北市三重區仁義街225號,2ce49811,0971846870,C002
39276-95489-XV,Nathan Sictornes,nsictornesjh@buzzfeed.com,台中市西屯區福安路152號,cf72e784,0981075972,C001
61437-83623-PZ,Vivyan Dunning,vdunningji@independent.co.uk,高雄市楠梓區後昌路137號,4393526f,0962717303,C006
34317-87258-HQ,Doralin Baison,,新竹市北區育英路61號,087a9de3,0918852071,C008
18570-80998-ZS,Josefina Ferens,,高雄市三民區察哈爾一街36號,be7a31c0,0955424064,C006
66580-33745-OQ,Shelley Gehring,sgehringjl@gnu.org,桃園市桃園區建新街75號,226dfe8c,0942308928,C003
19820-29285-FD,Barrie Fallowes,bfallowesjm@purevolume.com,新竹市東區金山街176巷22號,f418c850,0926385208,C008
11349-55147-SN,Nicolas Aiton,,桃園市平鎮區廣明路177巷18號,7d588c87,0974306953,C003
21141-12455-VB,Shelli De Banke,sdejo@newsvine.com,台北市南港區園區街175號,0bbca992,0951677293,C001
71003-85639-HB,Lyell Murch,,桃園市蘆竹區開南路297號,2e929b35,0934448075,C003
58443-95866-YO,Stearne Count,scountjq@nba.com,新北市五股區民義路二段208號,fb118c21,0936847599,C002
89646-21249-OH,Selia Ragles,sraglesjr@blogtalkradio.com,台北市北投區振華街89巷22號,c91b2e94,0929689751,C001
64988-20636-XQ,Silas Deehan,,苗栗縣頭份市大營路40巷23號7樓,e609c839,0979151454,C011
34704-83143-KS,Sacha Bruun,sbruunjt@blogtalkradio.com,台中市南屯區大墩路101號,75c12e75,0903812951,C001
67388-17544-XX,Alon Pllu,aplluju@dagondesign.com,苗栗縣苗栗市為公路23號,cc98a3f5,0921358686,C011
69411-48470-ID,Gilberto Cornier,gcornierjv@techcrunch.com,新北市瑞芳區明燈路三段95號,bdcd67a6,0953996204,C002
20077-67239-EC,Selestina Greedyer,sgreedyerjw@parallels.com,南投縣草屯鎮正興街59巷6號4樓,0f144daf,0913375643,C013
97741-98924-KT,Willabella Harvison,wharvisonjx@gizmodo.com,台中市東勢區石城街2巷17號5樓,84391f80,0929752486,C001
79857-78167-KO,Darice Heaford,dheafordjy@twitpic.com,嘉義市西區世賢路二段15巷29號,95f88fb8,0949141763,C009
46963-10322-ZA,Granger Fantham,gfanthamjz@hexun.com,台北市文山區景文街72巷1號,9245fd1e,0984470072,C001
93812-74772-MV,Reynolds Crookshanks,rcrookshanksk0@unc.edu,台中市北區永興街152號,dcc294ce,0988413542,C001
48203-23480-UB,Niels Leake,nleakek1@cmu.edu,基隆市仁愛區仁三路7巷16號,9caac147,0960465217,C007
60357-65386-RD,Hetti Measures,,高雄市橋頭區仕豐路74號,5f9e0273,0962689313,C006
35099-13971-JI,Gay Eilhersen,geilhersenk3@networksolutions.com,新竹縣竹北市生醫路一段183號,d56c872d,0981981934,C010
01304-59807-OB,Nico Hubert,,桃園市中壢區復華九街163號,33e3c9f4,0964783741,C003
50705-17295-NK,Cristina Aleixo,caleixok5@globo.com,台北市北投區明德路180巷15號,ab159cf1,0987699487,C001
77657-61366-FY,Derrek Allpress,,新北市新店區二十張路53巷14號,b88b8961,0954279507,C002
57192-13428-PL,Rikki Tomkowicz,rtomkowiczk7@bravesites.com,台北市北投區自強街162巷15號,5f12a942,0968257925,C001
24891-77957-LU,Rochette Huscroft,rhuscroftk8@jimdo.com,台南市安南區本原街三段5號,34516c12,0903738660,C001
64896-18468-BT,Selle Scurrer,sscurrerk9@flavors.me,台中市潭子區北環路152號,1aa89507,0912140404,C001
84761-40784-SV,Andie Rudram,arudramka@prnewswire.com,台北市士林區雨聲街110號,5079b56a,0952140004,C001
20236-42322-CM,Leta Clarricoates,,高雄市三民區澄和路112號,c007c8b2,0937427209,C006
49671-11547-WG,Jacquelyn Maha,jmahakc@cyberchimps.com,新北市板橋區裕民街48號,96753820,0911757910,C002
57976-33535-WK,Glory Clemon,gclemonkd@networksolutions.com,嘉義縣民雄鄉大學路一段51巷22號4樓,0ab1990c,0916537288,C015
55915-19477-MK,Alica Kift,,台北市大同區民生西路21號,8eac5401,0997423770,C001
28121-11641-UA,Babb Pollins,bpollinskf@shinystat.com,台中市神岡區大洲路141巷21號,20460a92,0959754354,C001
09540-70637-EV,Jarret Toye,jtoyekg@pinterest.com,桃園市桃園區大豐路23巷17號,5577c253,0956282096,C003
17775-77072-PP,Carlie Linskill,clinskillkh@sphinn.com,雲林縣斗六市保長路187巷4號,67acb979,0976818291,C014
90392-73338-BC,Natal Vigrass,nvigrasski@ezinearticles.com,高雄市新興區民族二路124號,bdb8a372,0929037136,C006
94278-27169-QC,Burlie Issac,,苗栗縣頭份市忠孝二路159巷11號,db7f9fba,0965873389,C011
10725-45724-CO,Kandace Cragell,kcragellkk@google.com,宜蘭縣南澳鄉蘇花路三段90巷3號,42ece827,0994449035,C017
87242-18006-IR,Lyon Ibert,libertkl@huffingtonpost.com,苗栗縣頭份市大營路134號,7cc5be2f,0951957953,C011
36572-91896-PP,Reese Lidgey,rlidgeykm@vimeo.com,宜蘭縣礁溪鄉健康路28號,218b1044,0950557214,C017
25181-97933-UX,Tersina Castagne,tcastagnekn@wikia.com,高雄市前鎮區翠亨北路195號,75cd95ac,0922926966,C006
55374-03175-IA,Samuele Klaaassen,,宜蘭縣員山鄉內城路129巷4號,46ac5808,0943388009,C017
76948-43532-JS,Jordana Halden,jhaldenkp@comcast.net,南投縣南投市學藝路38巷24號1樓,2fa3f20c,0925531661,C013
24344-88599-PP,Hussein Olliff,holliffkq@sciencedirect.com,台中市太平區永成北路138號,4eafab02,0959068902,C001
54462-58311-YF,Teddi Quadri,tquadrikr@opensource.org,新北市中和區永和路166巷1號7樓,5d57b23f,0963142730,C002
90767-92589-LV,Felita Eshmade,feshmadeks@umn.edu,彰化縣田中鎮中州路一段46巷19號,436f8b57,0900096277,C012
27517-43747-YD,Melodie OIlier,moilierkt@paginegialle.it,高雄市大寮區新厝路37號,d3477f2b,0927864362,C006
77828-66867-KH,Hazel Iacopini,,台中市西屯區至善路162巷25號,233cae52,0968261068,C001
41054-59693-XE,Vinny Shoebotham,vshoebothamkv@redcross.org,新北市淡水區清水街28巷24號,9ad01d1a,0925714754,C002
26314-66792-VP,Bran Sterke,bsterkekw@biblegateway.com,高雄市三民區鼎山街199號,12e7bbe8,0964780191,C006
69410-04668-MA,Simone Capon,scaponkx@craigslist.org,台北市北投區中央南路二段106號,fc21f592,0949422462,C001
91950-91273-JT,Philomena Traite,ptraiteky@huffingtonpost.com,新北市土城區裕民路105號,176c2b83,0981744387,C002
24972-55878-KX,Foster Constance,fconstancekz@ifeng.com,桃園市龜山區文化一路7巷15號,468a1646,0981979014,C003
46296-42617-OQ,Fernando Sulman,fsulmanl0@washington.edu,新北市新店區新店路196巷21號,01dd18ff,0904705881,C002
44494-89923-UW,Dorotea Hollyman,dhollymanl1@ibm.com,基隆市仁愛區仁二路272號,d606afc0,0904101615,C007
11621-09964-ID,Lorelei Nardoni,lnardonil2@hao123.com,宜蘭縣宜蘭市陽明二路115號,7ee7da4b,0931565425,C017
76319-80715-II,Dallas Yarham,dyarhaml3@moonfruit.com,屏東縣恆春鎮省北路166巷11號1樓,01dd0294,0931051034,C016
91654-79216-IC,Arlana Ferrea,aferreal4@wikia.com,台南市永康區東橋一路157號,124c170b,0969009883,C001
56450-21890-HK,Chuck Kendrick,ckendrickl5@webnode.com,新北市三重區忠孝路三段156巷19號,897aad90,0915753580,C002
40600-58915-WZ,Sharona Danilchik,sdanilchikl6@mit.edu,苗栗縣竹南鎮永貞路二段97巷28號,827f9ace,0999938086,C011
66527-94478-PB,Sarajane Potter,,台中市沙鹿區沙田路193號,e3212b15,0921419143,C001
77154-45038-IH,Bobby Folomkin,bfolomkinl8@yolasite.com,台北市文山區光輝路75巷5號7樓,edbbc058,0912054006,C001
08439-55669-AI,Rafferty Pursglove,rpursglovel9@biblegateway.com,台中市豐原區豐陽路70巷1號6樓,26d8b37e,0969178762,C001
81059-24087-UE,Riva De Micoli,rdela@usa.gov,台中市神岡區昌平路五段286號,00ddb2ef,0911668308,C001
46168-23489-RD,Antoine Taunton.,atauntonlb@bing.com,台南市安南區安富街223號,05b70cd1,0943789635,C001
11664-43119-GV,Krishnah Incogna,,台北市大安區光復南路144號,20f202e5,0982654841,C001
91509-62250-GN,Dalia Eburah,deburahld@google.co.jp,高雄市楠梓區海專路155巷19號,56f16109,0964319500,C006
83833-46106-ZC,Martie Brimilcombe,mbrimilcombele@cnn.com,高雄市三民區澄清路53巷1號,83b35b75,0978997568,C006
19383-33606-PW,Suzanna Bollam,sbollamlf@list-manage.com,台南市仁德區德南路73巷26號,e2bc5257,0991836948,C001
67052-76184-CB,Mellisa Mebes,,台北市大同區南京西路143巷13號,f2ea01ae,0902649207,C001
43452-18035-DH,Alva Filipczak,afilipczaklh@ning.com,新北市林口區粉寮路一段180巷5號,830c0546,0991336576,C002
88060-50676-MV,Dorette Hinemoor,,台中市東區東門路48號,b8480221,0931364534,C001
89574-96203-EP,Rhetta Elnaugh,relnaughlj@comsenz.com,屏東縣枋寮鄉隆山路79巷7號,f9901a2a,0961003511,C016
12607-75113-UV,Jule Deehan,jdeehanlk@about.me,新北市金山區中山路69巷7號3樓,60a6199c,0984345317,C002
56991-05510-PR,Janella Eden,jedenll@e-recht24.de,宜蘭縣宜蘭市民族路149號,ac0578da,0998834538,C017
35463-72088-KU,Devora Maton,dmatonlm@utexas.edu,新北市三重區捷運路93號,ce50d303,0924375603,C002
33269-10023-CO,Ugo Southerden,usoutherdenln@hao123.com,台北市北投區振華街89巷22號,a789e473,0969128293,C001
31245-81098-PJ,Verne Dunkerley,,桃園市楊梅區自立街41巷15號,42b8dd55,0961365691,C003
08946-56610-IH,Lacee Burtenshaw,lburtenshawlp@shinystat.com,台北市中正區汀州路二段267號,064a4bd7,0904709737,C001
20260-32948-EB,Adorne Gregoratti,agregorattilq@vistaprint.com,新北市新店區寶橋路238號,b789f494,0983149202,C002
31613-41626-KX,Chris Croster,ccrosterlr@gov.uk,台中市南屯區東興路二段38巷22號1樓,8aa61148,0907047035,C001
75961-20170-RD,Graeme Whitehead,gwhiteheadls@hp.com,高雄市鼓山區西藏街136巷12號5樓,1d65dac1,0950548427,C006
72524-06410-KD,Haslett Jodrelle,hjodrellelt@samsung.com,新竹市東區武昌街220號,8036d8ff,0952773161,C008
01841-48191-NL,Cam Jewster,cjewsterlu@moonfruit.com,新北市中和區中和路4巷24號2樓,270b6c91,0968431201,C002
98918-34330-GY,Beryl Osborn,,彰化縣和美鎮線東路三段73巷21號,c5c2b776,0984969654,C012
51497-50894-WU,Kaela Nottram,knottramlw@odnoklassniki.ru,台北市北投區光明路138巷4號,87336755,0906229775,C001
98636-90072-YE,Nobe Buney,nbuneylx@jugem.jp,高雄市鼓山區美明路171巷12號3樓,e21f956f,0989887903,C006
47011-57815-HJ,Silvan McShea,smcshealy@photobucket.com,桃園市平鎮區振興西路34號,855d7721,0911610634,C003
61253-98356-VD,Karylin Huddart,khuddartlz@about.com,高雄市左營區富民路35巷1號,12c03823,0970423477,C006
96762-10814-DA,Jereme Gippes,jgippesm0@cloudflare.com,台北市中正區衡陽路29巷2號,446b63d5,0929578938,C001
63112-10870-LC,Lukas Whittlesee,lwhittleseem1@e-recht24.de,新北市汐止區福德二路291號,056d0803,0980568840,C002
21403-49423-PD,Gregorius Trengrove,gtrengrovem2@elpais.com,桃園市中壢區吉林二路207號,17a35271,0970121710,C003
29581-13303-VB,Wright Caldero,wcalderom3@stumbleupon.com,台中市南區興大路71號,7c17e898,0971938992,C001
86110-83695-YS,Merell Zanazzi,,台中市龍井區遊園南路71號,71a7b8e9,0910041862,C001
80454-42225-FT,Jed Kennicott,jkennicottm5@yahoo.co.jp,新竹縣竹東鎮北興路一段140巷1號5樓,adc70e95,0994557712,C010
29129-60664-KO,Guenevere Ruggen,gruggenm6@nymag.com,新北市三重區忠孝路三段156巷19號,588d7222,0907232731,C002
63025-62939-AN,Gonzales Cicculi,,新竹市東區立鵬路218號,4a8b87b3,0988275003,C008
49012-12987-QT,Man Fright,mfrightm8@harvard.edu,高雄市三民區澄和路112號,b18ccba5,0921345473,C006
50924-94200-SQ,Boyce Tarte,btartem9@aol.com,新北市三重區仁安街160巷6號,b6dcee0b,0942939998,C002
15673-18812-IU,Caddric Krzysztofiak,ckrzysztofiakma@skyrock.com,台南市永康區永大路二段35巷21號1樓,814c135f,0969995764,C001
52151-75971-YY,Darn Penquet,dpenquetmb@diigo.com,台北市大安區復興南路二段235號,8844adb7,0962060804,C001
19413-02045-CG,Jammie Cloke,,台北市大安區新生南路一段21巷6號7樓,9da18646,0973138499,C001
98185-92775-KT,Chester Clowton,,新北市三重區重新路五段156號,69a7c0d9,0939165960,C002
86991-53901-AT,Kathleen Diable,,南投縣埔里鎮西安路三段46巷29號3樓,4a96e3a7,0918614526,C013
78226-97287-JI,Koren Ferretti,kferrettimf@huffingtonpost.com,新竹縣竹東鎮東寧路三段72巷23號7樓,683998a3,0918815588,C010
44938-31785-YZ,Agretha Melland,amellandmg@pen.io,高雄市鳳山區鳳育路138號,bf4e97ca,0949372514,C006
40560-18556-YE,Chaddie Bennie,,台北市信義區忠孝東路五段53號,da7aa2b1,0996310583,C001
40780-22081-LX,Alberta Balsdone,abalsdonemi@toplist.cz,新竹市東區高峰路286號,8405c74a,0990593117,C008
01603-43789-TN,Brice Romera,bromeramj@list-manage.com,高雄市岡山區下竹圍東街205號,ed14303e,0971117061,C006
45009-09239-IV,Micky Glover,mglovermk@cnbc.com,台中市西屯區甘肅路一段220號,6cf3a11e,0937145874,C001
75419-92838-TI,Conchita Bryde,cbrydeml@tuttocitta.it,高雄市岡山區下竹圍東街150巷16號,d2d704be,0919594542,C006
96516-97464-MF,Silvanus Enefer,senefermm@blog.com,新北市樹林區潭興街119號,21ad5709,0920982507,C002
90285-56295-PO,Lenci Haggerstone,lhaggerstonemn@independent.co.uk,新北市永和區環河西路一段110號,b2ac0075,0949230621,C002
08100-71102-HQ,Marvin Gundry,mgundrymo@omniture.com,花蓮縣新城鄉嘉新路56巷14號,c4762d96,0907736861,C018
84074-28110-OV,Bayard Wellan,bwellanmp@cafepress.com,彰化縣伸港鄉新港路94巷12號1樓,186da3d8,0985617331,C012
27930-59250-JT,Allis Wilmore,,新北市樹林區中山路三段8號,ab939d00,0905800711,C002
12747-63766-EU,Caddric Atcheson,catchesonmr@xinhuanet.com,高雄市三民區大昌一路140號,9b424a2b,0916349752,C006
83490-88357-LJ,Eustace Stenton,estentonms@google.it,新北市中和區中安街142巷27號,f2c0c863,0935839823,C002
53729-30320-XZ,Ericka Tripp,etrippmt@wp.com,新竹縣寶山鄉創新一路81巷20號,4da30a0e,0935380279,C010
50384-52703-LA,Lyndsey MacManus,lmacmanusmu@imdb.com,台中市潭子區復興路一段128號,94609976,0904949657,C001
53864-36201-FG,Tess Benediktovich,tbenediktovichmv@ebay.com,台北市大同區南京西路143巷13號,cf0a9221,0934875352,C001
70631-33225-MZ,Correy Bourner,cbournermw@chronoengine.com,新北市三重區重新路五段156號,15ce7820,0945465394,C002
78661-52235-WG,Uta Kohring,ukohringmx@seattletimes.com,高雄市鼓山區美明路157號,850612aa,0986731103,C006
08023-52962-ET,Kandy Heddan,kheddanmy@icq.com,基隆市仁愛區成功一路240號,87f6c20d,0976042088,C007
41899-00283-VK,Ibby Charters,ichartersmz@abc.net.au,新北市汐止區99巷7號,bdd852f5,0931742037,C002
39011-18412-GR,Adora Roubert,aroubertn0@tmall.com,高雄市鼓山區濱海一路100號,bab1f478,0968083371,C006
60255-12579-PZ,Hillel Mairs,hmairsn1@so-net.ne.jp,新北市板橋區英士路148巷4號3樓,58dd18bc,0948799768,C002
80541-38332-BP,Helaina Rainforth,hrainforthn2@blog.com,新北市泰山區新民路173號,2d04f16a,0981858070,C002
54798-14109-HC,Odelia Skerme,oskermen3@hatena.ne.jp,雲林縣東勢鄉康安路7巷16號,fc4ffd0c,0948427357,C014
72778-50968-UQ,Isac Jesper,ijespern4@theglobeandmail.com,新北市中和區中安街142巷27號,9c79f2d1,0941596906,C002
23941-30203-MO,Lenette Dwerryhouse,ldwerryhousen5@gravatar.com,新竹縣竹北市台元一街77巷2號,548cc39a,0999988433,C010
96434-50068-DZ,Nadeen Broomer,nbroomern6@examiner.com,新北市三重區文化南路64巷15號,695270e3,0997732658,C002
11729-74102-XB,Konstantine Thoumasson,kthoumassonn7@bloglovin.com,台北市文山區羅斯福路六段198巷7號3樓,dad65c67,0990539522,C001
88116-12604-TE,Frans Habbergham,fhabberghamn8@discovery.com,台北市大安區和平東路二段83號,9d99c82a,0948876060,C001
86783-78048-GC,Margarette Woolham,mwoolhamn9@nature.com,台中市南區台中路183號,55cb5a7e,0983949470,C001
13082-41034-PD,Romain Avrashin,ravrashinna@tamu.edu,嘉義市東區大雅路二段55號,c8c69bde,0930724684,C009
18082-74419-QH,Miran Doidge,mdoidgenb@etsy.com,新竹縣新豐鄉建興路二段142巷27號6樓,1dfe43d1,0928611901,C010
49401-45041-ZU,Janeva Edinboro,jedinboronc@reverbnation.com,台北市萬華區富民路65巷2號,cbe297fc,0912807049,C001
41252-45992-VS,Trumaine Tewelson,ttewelsonnd@cdbaby.com,台北市萬華區貴陽街二段271號,7129b074,0960364479,C001
06624-75300-AR,Niles Krimmer,nkrimmerne@bbb.org,南投縣草屯鎮太平路一段19巷11號6樓,91ddd5e0,0919539900,C013
00852-54571-WP,De Drewitt,ddrewittnf@mapquest.com,台東縣卑南鄉賓朗路77號,21d19e4e,0970016010,C001
13321-57602-GK,Adelheid Gladhill,agladhillng@stanford.edu,新竹縣芎林鄉富林路三段34巷24號7樓,075c4b7b,0963087046,C010
75006-89922-VW,Murielle Lorinez,mlorineznh@whitehouse.gov,屏東縣內埔鄉壽比路29巷29號,8cc95e24,0956312466,C016
52098-80103-FD,Edin Mathe,,台北市大同區歸綏街6巷23號2樓,18b39164,0944126719,C001
60121-12432-VU,Mordy Van Der Vlies,mvannj@wikipedia.org,宜蘭縣礁溪鄉礁溪路四段90巷7號5樓,d6cf494c,0991778278,C017
68346-14810-UA,Spencer Wastell,,台北市大同區民權西路100號,4c2e1e7f,0954381288,C001
48464-99723-HK,Jemimah Ethelston,jethelstonnl@creativecommons.org,台北市中山區建國北路二段96號,cfc5ed7b,0996254555,C001
39652-20484-RV,Bobbe Jevon,bjevonnm@feedburner.com,彰化縣彰化市進德路45巷5號,192b94f4,0961771923,C012
88420-46464-XE,Perice Eberz,peberznn@woothemes.com,台中市西屯區黎明路二段146巷17號,97147edb,0993463311,C001
37762-09530-MP,Bear Gaish,bgaishno@altervista.org,台北市士林區忠誠路二段146號,7736bb3b,0921459596,C001
47268-50127-XY,Lynnea Danton,ldantonnp@miitbeian.gov.cn,台北市信義區忠孝東路五段287號,ea9d5914,0911037257,C001
25544-84179-QC,Skipton Morrall,smorrallnq@answers.com,南投縣南投市彰南路二段73號,09ddbe6f,0982947377,C013
32058-76765-ZL,Devan Crownshaw,dcrownshawnr@photobucket.com,台中市太平區樹孝路133巷29號3樓,bcf7d093,0999618241,C001
67938-81768-NX,Kriste Wessel,kwesselns@wikispaces.com,台中市南屯區大墩11街43號,17773248,0996439383,C001
69171-65646-UC,Joceline Reddoch,jreddochnt@sun.com,桃園市桃園區大豐路23巷17號,e71fa8cd,0989664919,C003
22503-52799-MI,Shelley Titley,stitleynu@whitehouse.gov,新北市新店區安忠路62巷19號,144c2ede,0990692156,C002
08934-65581-ZI,Redd Simao,rsimaonv@simplemachines.org,台中市清水區中清路九段157巷16號,14cf9bb0,0972832821,C001
15764-22559-ZT,Cece Inker,,新北市板橋區幸褔路134巷14號,456c7418,0961038452,C002
87519-68847-ZG,Noel Chisholm,nchisholmnx@example.com,台中市后里區福容路147巷7號,e9e4791c,0960283968,C001
78012-56878-UB,Grazia Oats,goatsny@live.com,新北市新店區二十張路53巷14號,d36aaf0c,0936423043,C002
77192-72145-RG,Meade Birkin,mbirkinnz@java.com,高雄市前鎮區金福路6巷23號3樓,9e15b523,0982357775,C006
86071-79238-CX,Ronda Pyson,rpysono0@constantcontact.com,桃園市蘆竹區南崁路二段27巷3號,6a2e2301,0966806724,C003
13764-02913-LA,Rachele Ebrall,,南投縣竹山鎮前山路一段72號,0d8a60cb,0979448450,C013
11212-69985-ZJ,Rafaela Treacher,rtreachero2@usa.gov,新北市樹林區八德街177號,c449daac,0977628386,C002
53893-01719-CL,Bee Fattorini,bfattorinio3@quantcast.com,南投縣草屯鎮太平路一段19巷11號6樓,4fb75eed,0991925937,C013
66028-99867-WJ,Margie Palleske,mpalleskeo4@nyu.edu,台北市大同區長安西路177巷20號7樓,11fe2cf8,0934442002,C001
62839-56723-CH,Alexina Randals,,台北市信義區松山路103巷7號,7b033884,0942270852,C001
96849-52854-CR,Filip Antcliffe,fantcliffeo6@amazon.co.jp,新北市淡水區中山北路二段212號,89cc9db2,0950513095,C002
19755-55847-VW,Peyter Matignon,pmatignono7@harvard.edu,台北市文山區木柵路二段149號,b5416d45,0941747955,C001
32900-82606-BO,Claudie Weond,cweondo8@theglobeandmail.com,桃園市楊梅區自立街147號,b88c90b9,0989382232,C003
16809-16936-WF,Modesty MacConnechie,mmacconnechieo9@reuters.com,新北市林口區南勢街258號,7b8b86d5,0949038276,C002
20118-28138-QD,Jaquenette Skentelbery,jskentelberyoa@paypal.com,新北市土城區明德路一段207號,1179ab76,0914591572,C002
84057-45461-AH,Orazio Comber,ocomberob@goo.gl,新竹市香山區內湖路152巷17號,6d8c9e5f,0954510472,C008
66934-67426-WC,Domini Bram,dbramoc@ifeng.com,新北市瑞芳區185號,63e95ae2,0951898646,C002
90882-88130-KQ,Zachary Tramel,ztramelod@netlog.com,台中市南屯區大墩十七街152號,81ad9bb2,0971450737,C001
21617-79890-DD,Izaak Primak,,新竹市東區立鵬路218號,05b80bde,0982127943,C008
20256-54689-LO,Brittani Thoresbie,,台北市內湖區江南街160巷6號,e4321417,0936390568,C001
17572-27091-AA,Constanta Hatfull,chatfullog@ebay.com,宜蘭縣員山鄉內城路265號,241a19e0,0963785413,C017
82300-88786-UE,Bobbe Castagneto,,台中市豐原區南陽路233號,2a701d94,0900074292,C001
32562-55185-DQ,Chastity Swatman,cswatmanoi@cbslocal.com,桃園市大園區中正東路156巷12號4樓,6dc88ecd,0961946636,C003
77175-09826-SF,Lindon Agnolo,lagnolooj@pinterest.com,高雄市鼓山區美明路171巷12號3樓,fe2699f8,0918347315,C006
07237-32539-NB,Delainey Kiddy,dkiddyok@fda.gov,高雄市新興區六合一路11號,1a48b425,0962998000,C006
54722-76431-EX,Helli Petroulis,hpetroulisol@state.tx.us,台北市南港區福德街101巷3號,fd2dcdf7,0983974316,C001
67847-82662-TE,Marty Scholl,mschollom@taobao.com,台北市文山區興隆路一段9號,eaeb9628,0997785804,C001
51114-51191-EW,Kienan Ferson,kfersonon@g.co,高雄市苓雅區英祥街175號,55d5d284,0900492562,C006
91809-58808-TV,Blake Kelloway,bkellowayoo@omniture.com,台北市內湖區內湖路三段103號,839fca9e,0922809336,C001
84996-26826-DK,Scarlett Oliffe,soliffeop@yellowbook.com,新北市新店區文化路119號,6aa1fa72,0977228140,C002
65732-22589-OW,Kippie Marrison,kmarrisonoq@dropbox.com,新北市淡水區鄧公路176巷9號,b82acb5c,0925523159,C002
93676-95250-XJ,Celestia Dolohunty,cdolohuntyor@dailymail.co.uk,南投縣埔里鎮西安路三段46巷29號3樓,bfad52a6,0957501095,C013
28300-14355-GF,Patsy Vasilenko,pvasilenkoos@addtoany.com,台南市南區金華路二段240號,76112656,0994698032,C001
91190-84826-IQ,Raphaela Schankelborg,rschankelborgot@ameblo.jp,桃園市中壢區中大路148巷10號,ead17754,0957763422,C003
34570-99384-AF,Sharity Wickens,,新北市三峽區大勇路238號,b7ce1fcb,0931246434,C002
57808-90533-UE,Derick Snow,,苗栗縣竹南鎮科專五路97號,f989ad37,0990237672,C011
76060-30540-LB,Baxy Cargen,bcargenow@geocities.jp,高雄市鹽埕區五福四路75號,9c12fdf6,0987428956,C006
76730-63769-ND,Ryann Stickler,rsticklerox@printfriendly.com,新北市淡水區鄧公路3巷11號,6d88f42d,0983717918,C002
96042-27290-EQ,Daryn Cassius,,台中市南區東興路一段129號,4f8e030a,0903330167,C001
06062-66586-TK,Bud Danett,bdanettoz@kickstarter.com,新北市三重區文化南路64巷15號,faab759a,0953801717,C002
51940-02669-OR,Skelly Dolohunty,,桃園市楊梅區青山一街227號,5be284ae,0929929734,C003
99144-98314-GN,Drake Jevon,djevonp1@ibm.com,台北市大安區忠孝東路四段53巷29號,9969791e,0936668924,C001
16358-63919-CE,Hall Ranner,hrannerp2@omniture.com,高雄市新興區林森一路131巷1號,d6b1eb34,0956494291,C006
67743-54817-UT,Berkly Imrie,bimriep3@addtoany.com,台中市后里區福容路147巷7號,7a1a18bc,0936672589,C001
44601-51441-BH,Dorey Sopper,dsopperp4@eventbrite.com,高雄市新興區民族二路124號,76923e6b,0996497021,C006
97201-58870-WB,Darcy Lochran,,台南市善化區環東路二段161巷3號,5173b296,0933410704,C001
19849-12926-QF,Lauritz Ledgley,lledgleyp6@de.vu,新北市中和區中板路114號,532feb68,0992669695,C002
40535-56770-UM,Tawnya Menary,tmenaryp7@phoca.cz,台北市中正區杭州南路一段83巷1號,d8c78bd1,0918677002,C001
74940-09646-MU,Gustaf Ciccotti,gciccottip8@so-net.ne.jp,新北市烏來區環山路112巷6號,603544d3,0948151614,C002
06623-54610-HC,Bobbe Renner,,桃園市大園區中正東路三段63巷5號,7054c096,0983100424,C003
89490-75361-AF,Wilton Jallin,wjallinpa@pcworld.com,高雄市鳳山區文龍東路58號,da26dad2,0980783318,C006
94526-79230-GZ,Mindy Bogey,mbogeypb@thetimes.co.uk,新北市土城區延安街65號,7b8622e0,0991850420,C002
58559-08254-UY,Paulie Fonzone,,新北市瑞芳區明燈路３段19巷2號,d0ab33b3,0913237763,C002
88574-37083-WX,Merrile Cobbledick,mcobbledickpd@ucsd.edu,桃園市平鎮區南豐路141號,a01db92c,0945071769,C003
67953-79896-AC,Antonius Lewry,alewrype@whitehouse.gov,新竹縣新豐鄉建興路二段142巷27號6樓,995c1e35,0959641270,C010
69207-93422-CQ,Isis Hessel,ihesselpf@ox.ac.uk,高雄市鼓山區美術東五路124號,3a2ce75c,0967330805,C006
56060-17602-RG,Harland Trematick,,新北市三峽區大德路255號,6701e7b9,0921448097,C002
46859-14212-FI,Chloris Sorrell,csorrellph@amazon.com,宜蘭縣宜蘭市民族路183巷22號5樓,c907c4fa,0994610806,C017
11513-19816-IJ,Odette Tocque,otocquepi@abc.net.au,高雄市大寮區新厝路197巷22號6樓,18de3e3f,0941018806,C006
33555-01585-RP,Quintina Heavyside,qheavysidepj@unc.edu,台北市中正區汀州路二段267號,6d4a99b7,0984681393,C001
11932-85629-CU,Hadley Reuven,hreuvenpk@whitehouse.gov,台北市中正區信義路一段13號,e4040c7c,0950526621,C001
36192-07175-XC,Mitch Attwool,mattwoolpl@nba.com,基隆市七堵區明德一路77號,2d4d2371,0910824561,C007
46242-54946-ZW,Charin Maplethorp,,新竹縣芎林鄉文山路57巷14號2樓,808c6c41,0933397989,C010
95152-82155-VQ,Goldie Wynes,gwynespn@dagondesign.com,新竹市東區武昌街220號,1fb026aa,0905135672,C008
13404-39127-WQ,Celie MacCourt,cmaccourtpo@amazon.com,桃園市中壢區中山東路二段134巷24號,5fac6a71,0932025651,C003
00841-75330-ZV,Rori Ollin,,新北市平溪區石底街240號,33778633,0992580691,C002
40226-52317-IO,Evy Wilsone,ewilsonepq@eepurl.com,台中市東勢區石城街2巷17號5樓,b384ffa8,0920649295,C001
34419-18068-AG,Dolores Duffie,dduffiepr@time.com,桃園市龍潭區梅龍路59巷19號,8f087856,0944592309,C003
51738-61457-RS,Mathilda Matiasek,mmatiasekps@ucoz.ru,新北市板橋區新生街135號,d7a05eea,0941982146,C002
86757-52367-ON,Jarred Camillo,jcamillopt@shinystat.com,高雄市左營區海功路149巷12號,a1a9b2e0,0972532370,C006
28158-93383-CK,Kameko Philbrick,kphilbrickpu@cdc.gov,台北市中正區杭州南路一段83巷1號,05b650ae,0964046778,C001
44799-09711-XW,Mallory Shrimpling,,台中市潭子區北環路152號,339ec3bd,0941660979,C001
53667-91553-LT,Barnett Sillis,bsillispw@istockphoto.com,桃園市新屋區中華南路二段57巷23號2樓,6c35a738,0911517656,C003
86579-92122-OC,Brenn Dundredge,,台北市文山區興隆路一段127巷20號,d22ee24e,0971012527,C001
01474-63436-TP,Read Cutts,rcuttspy@techcrunch.com,高雄市新興區林森一路131巷1號,2d12c625,0929105809,C006
90533-82440-EE,Michale Delves,mdelvespz@nature.com,新北市土城區延安街65號,ec9dec47,0995156610,C002
48553-69225-VX,Devland Gritton,dgrittonq0@nydailynews.com,宜蘭縣蘇澳鎮馬賽路146號,72cf1fa5,0968781763,C017
91240-83405-ZQ,Caitlin Cattermull,ccattermullq1@columbia.edu,台北市大安區杭州南路二段138巷27號,25333fa5,0921944090,C001
52374-27313-IV,Dell Gut,dgutq2@umich.edu,新北市三重區重陽路三段166巷4號3樓,17423ed5,0924352076,C002
14264-41252-SL,Willy Pummery,wpummeryq3@topsy.com,台北市北投區光明路30巷18號3樓,68b78563,0914472713,C001
35367-50483-AR,Geoffrey Siuda,gsiudaq4@nytimes.com,新北市板橋區民生路二段51號,4317cbb8,0909222834,C002
69443-77665-QW,Henderson Crowne,hcrowneq5@wufoo.com,桃園市中壢區復華九街76號,238923d5,0953344377,C003
63411-51758-QC,Vernor Pawsey,vpawseyq6@tiny.cc,台北市大安區新生南路一段68號,0d2b07a7,0941070923,C001
68605-21835-UF,Augustin Waterhouse,awaterhouseq7@istockphoto.com,新北市永和區保平路29號,3f709f35,0912597051,C002
34786-30419-XY,Fanchon Haughian,fhaughianq8@1688.com,台北市文山區光輝路75巷5號7樓,68156908,0921075280,C001
15456-29250-RU,Jaimie Hatz,,新竹縣北埔鄉南興街19號,16380859,0974406846,C010
00886-35803-FG,Edeline Edney,,台北市大安區忠孝東路四段95號,06070453,0961033424,C001
31599-82152-AD,Rickie Faltin,rfaltinqb@topsy.com,台中市北區五義街125號,8580078e,0909773879,C001
76209-39601-ZR,Gnni Cheeke,gcheekeqc@sitemeter.com,彰化縣和美鎮和厝路一段262號,42844ceb,0997295398,C012
15064-65241-HB,Gwenni Ratt,grattqd@phpbb.com,台中市北區榮華街182巷12號4樓,9406f911,0921351860,C001
69215-90789-DL,Johnath Fairebrother,,新北市鶯歌區尖山路63巷22號,3fc30af8,0988446812,C002
04317-46176-TB,Ingamar Eberlein,ieberleinqf@hc360.com,新竹縣竹東鎮東寧路三段72巷23號7樓,8e063a43,0923815112,C010
04713-57765-KR,Jilly Dreng,jdrengqg@uiuc.edu,台北市大安區金華街155巷10號,7383c591,0907027880,C001
47723-84396-MT,Jillane Jedrzej,jjedrzejqh@dailymail.co.uk,台中市南屯區五權西路二段44巷22號,3647479b,0928597634,C001
48392-32021-EC,Correy Lampel,clampelqi@jimdo.com,南投縣埔里鎮西安路一段100巷21號,fe73e909,0900088903,C013
65786-21069-IP,Dulcie Mapowder,dmapowderqj@free.fr,新北市新店區文化路119號,a4dfedc1,0930904784,C002
89074-09459-KV,Eward Dearman,edearmanqk@redcross.org,新竹縣竹北市莊敬七街32號,c52740f8,0936813916,C010
44330-33172-IT,Dominique Lenard,dlenardql@bizjournals.com,台北市中山區合江街231號,1a1e238a,0938684571,C001
63349-66809-NF,Lloyd Toffano,ltoffanoqm@tripadvisor.com,新北市新莊區豐年街193號,1e4ef956,0964783145,C002
40959-32642-DN,Rhodie Strathern,rstrathernqn@devhub.com,台北市北投區光明路30巷18號3樓,9ac1b582,0970321712,C001
77746-08153-PM,Chad Miguel,cmiguelqo@exblog.jp,桃園市大園區航站南路162巷11號,23362f2d,0954445586,C003
49667-96708-JL,Florinda Matusovsky,,台中市南區工學路18巷8號4樓,9eb97f92,0920576373,C001
24155-79322-EQ,Morly Rocks,mrocksqq@exblog.jp,桃園市蘆竹區仁愛路三段153巷6號2樓,4dd77d4d,0957865545,C003
95342-88311-SF,Yuri Burrells,yburrellsqr@vinaora.com,台中市南區東興路一段217號,06fc8d82,0995372197,C001
69374-08133-RI,Cleopatra Goodrum,cgoodrumqs@goodreads.com,台中市和平區東關路一段73號,c13f3af0,0901566154,C001
83844-95908-RX,Joey Jefferys,jjefferysqt@blog.com,新北市板橋區裕民街48號,dd156588,0971279530,C002
09667-09231-YM,Bearnard Wardell,bwardellqu@adobe.com,新北市中和區華新街132巷13號,21a929a4,0991720718,C002
55427-08059-DF,Zeke Walisiak,zwalisiakqv@ucsd.edu,新北市新店區寶橋路238號,ca1e7afc,0956669886,C002
06624-54037-BQ,Wiley Leopold,wleopoldqw@blogspot.com,新竹市東區明湖路29號,d911d48b,0943259756,C008
48544-90737-AZ,Chiarra Shalders,cshaldersqx@cisco.com,彰化縣福興鄉福工路280號,9af48cdb,0902812848,C012
79463-01597-FQ,Sharl Southerill,,高雄市小港區沿海一路197巷20號,12d091c6,0911936794,C006
27702-50024-XC,Noni Furber,nfurberqz@jugem.jp,新北市板橋區龍泉街40號,89db0fd2,0955808172,C002
57360-46846-NS,Dinah Crutcher,,新北市汐止區福德一路5巷3號,a871025e,0937281562,C002
84045-66771-SL,Charlean Keave,ckeaver1@ucoz.com,高雄市三民區鼎力路273號,6562e17c,0909918328,C006
46885-00260-TL,Sada Roseborough,sroseboroughr2@virginia.edu,台北市中山區合江街231號,86dcde87,0988195708,C001
96446-62142-EN,Clayton Kingwell,ckingwellr3@squarespace.com,雲林縣斗六市斗工十路190號,4c4c7f61,0947517283,C014
07756-71018-GU,Kacy Canto,kcantor4@gmpg.org,新北市樹林區大成路5號,b8189729,0914152702,C002
92048-47813-QB,Mab Blakemore,mblakemorer5@nsw.gov.au,高雄市大寮區新厝路197巷22號6樓,511e00bc,0955909982,C006
58408-27638-IB,Dedie Gooderridge,dgooderridger6@lycos.com,台北市文山區光輝路75巷5號7樓,2ab11165,0918145264,C001
28699-16256-XV,Javier Causnett,,宜蘭縣礁溪鄉健康路28號,c6128c8b,0901310657,C017
98476-63654-CG,Demetris Micheli,,新北市土城區明德路一段207號,e83f8bf5,0944583575,C002
55409-07759-YG,Chloette Bernardot,cbernardotr9@wix.com,新北市板橋區四川路一段295號,96982508,0956492894,C002
06136-65250-PG,Kim Kemery,kkemeryra@t.co,台東縣台東市開封街19號,c849618b,0936863947,C001
08405-33165-BS,Fanchette Parlot,fparlotrb@forbes.com,桃園市八德區忠勇街166巷8號1樓,41c8f1f7,0911752401,C003
66070-30559-WI,Ramon Cheak,rcheakrc@tripadvisor.com,台北市北投區中和街27巷15號,78c9b49b,0985962319,C001
01282-28364-RZ,Koressa O'Geneay,kogeneayrd@utexas.edu,桃園市大園區航勤南路42巷7號7樓,645c656b,0971596433,C003
51277-93873-RP,Claudell Ayre,cayrere@symantec.com,台中市神岡區昌平路五段286號,6f5d9b3f,0934007982,C001
84405-83364-DG,Lorianne Kyneton,lkynetonrf@macromedia.com,高雄市仁武區八德西路270號,55060e2f,0915749583,C006
83731-53280-YC,Adele McFayden,,台中市北屯區太順路117巷25號1樓,ce658874,0935496868,C001
03917-13632-KC,Herta Layne,,新北市中和區保健路227號,8a79f512,0951910272,C002
98051-37183-SK,Dierdre Scrigmour,dscrigmourri@cnbc.com,高雄市小港區高坪七路93號,9030599b,0996846753,C006
48689-81852-DT,Romy Whittlesea,,台北市大同區重慶北路三段277號,cb7fba11,0986411356,C001
70567-65133-CN,Desdemona Eye,,桃園市蘆竹區大竹路100號,eb9a3a25,0944086929,C003
77869-81373-AY,Margarette Sterland,,新北市金山區中正路27號,5f3e9385,0969574675,C002
38536-98293-JZ,Catharine Scoines,,高雄市岡山區筧橋路131號,994b686d,0989290602,C006
43014-53743-XK,Jennica Tewelson,jtewelsonrn@samsung.com,台中市東勢區石城街2巷17號5樓,842433ee,0913478882,C001
62494-09113-RP,Marguerite Graves,,台北市文山區木柵路二段89號,ea43374c,0991890719,C001
10940-42739-ET,Etan Featenby,,台北市松山區慶城街146號,01a39c80,0969708470,C001
64965-78386-MY,Nicolina Jenny,njennyrq@bigcartel.com,台中市太平區宜欣路185號,63dfdc8f,0984378290,C001
77131-58092-GE,Vidovic Antonelli,,桃園市大園區航勤南路42巷7號7樓,774bfc12,0917777790,C003
